{
 "type": "FeatureCollection",
 "metadata": {
  "name": "pilot_bengaluru",
  "synthetic": false,
  "source": "OpenStreetMap contributors (ODbL)",
  "elevation_source": "SRTM 30m via OpenTopoData",
  "drain_source": "synthetic_proxy",
  "history_source": "heuristic_proxy",
  "generated_at": "2026-10-04T03:50:37.146109+00:00",
  "bbox": [
   77.643012,
   12.91634,
   77.666858,
   12.929488
  ],
  "notes": "Pilot corridor Agara-HSR-Bellandur (SIH26085). Drainage and history are documented proxies."
 },
 "features": [
  {
   "type": "Feature",
   "geometry": {
    "type": "LineString",
    "coordinates": [
     [
      77.665559,
      12.920934
     ],
     [
      77.665992,
      12.921146
     ]
    ]
   },
   "properties": {
    "segment_id": "R-001",
    "name": "Outer Ring Road",
    "kind": "lakeside",
    "highway": "trunk",
    "oneway": true,
    "from_node": "262268684",
    "to_node": "266371138",
    "length_m": 53,
    "elevation_m": 886.5,
    "is_low_point": false,
    "drain_distance_m": 203,
    "drain_capacity_mm_hr": 26,
    "history_score": 0.5,
    "water_distance_m": 65
   }
  },
  {
   "type": "Feature",
   "geometry": {
    "type": "LineString",
    "coordinates": [
     [
      77.665559,
      12.920934
     ],
     [
      77.665373,
      12.920737
     ],
     [
      77.665356,
      12.92071
     ],
     [
      77.66531,
      12.920644
     ]
    ]
   },
   "properties": {
    "segment_id": "R-002",
    "name": "Unnamed road",
    "kind": "lakeside",
    "highway": "tertiary",
    "oneway": false,
    "from_node": "262268684",
    "to_node": "9828511707",
    "length_m": 42,
    "elevation_m": 884.5,
    "is_low_point": false,
    "drain_distance_m": 274,
    "drain_capacity_mm_hr": 23,
    "history_score": 0.61,
    "water_distance_m": 107
   }
  },
  {
   "type": "Feature",
   "geometry": {
    "type": "LineString",
    "coordinates": [
     [
      77.665559,
      12.920934
     ],
     [
      77.66556,
      12.921029
     ],
     [
      77.665556,
      12.921086
     ],
     [
      77.66555,
      12.921135
     ],
     [
      77.66554,
      12.921204
     ]
    ]
   },
   "properties": {
    "segment_id": "R-003",
    "name": "6th Main Road",
    "kind": "lakeside",
    "highway": "tertiary",
    "oneway": false,
    "from_node": "262268684",
    "to_node": "13144186366",
    "length_m": 30,
    "elevation_m": 887.0,
    "is_low_point": false,
    "drain_distance_m": 209,
    "drain_capacity_mm_hr": 27,
    "history_score": 0.52,
    "water_distance_m": 81
   }
  },
  {
   "type": "Feature",
   "geometry": {
    "type": "LineString",
    "coordinates": [
     [
      77.665331,
      12.923017
     ],
     [
      77.665337,
      12.923056
     ]
    ]
   },
   "properties": {
    "segment_id": "R-004",
    "name": "6th Main Road",
    "kind": "lakeside",
    "highway": "tertiary",
    "oneway": false,
    "from_node": "262268685",
    "to_node": "7298619223",
    "length_m": 4,
    "elevation_m": 881.0,
    "is_low_point": false,
    "drain_distance_m": 222,
    "drain_capacity_mm_hr": 22,
    "history_score": 0.67,
    "water_distance_m": 33
   }
  },
  {
   "type": "Feature",
   "geometry": {
    "type": "LineString",
    "coordinates": [
     [
      77.665331,
      12.923017
     ],
     [
      77.66535,
      12.922707
     ],
     [
      77.66542,
      12.922092
     ]
    ]
   },
   "properties": {
    "segment_id": "R-005",
    "name": "6th Main Road",
    "kind": "lakeside",
    "highway": "tertiary",
    "oneway": false,
    "from_node": "262268685",
    "to_node": "3870651479",
    "length_m": 103,
    "elevation_m": 882.5,
    "is_low_point": false,
    "drain_distance_m": 220,
    "drain_capacity_mm_hr": 22,
    "history_score": 0.68,
    "water_distance_m": 18
   }
  },
  {
   "type": "Feature",
   "geometry": {
    "type": "LineString",
    "coordinates": [
     [
      77.665331,
      12.923017
     ],
     [
      77.665255,
      12.923032
     ],
     [
      77.665047,
      12.923133
     ],
     [
      77.664856,
      12.923166
     ],
     [
      77.664519,
      12.923173
     ]
    ]
   },
   "properties": {
    "segment_id": "R-006",
    "name": "5th Cross Road",
    "kind": "lakeside",
    "highway": "residential",
    "oneway": false,
    "from_node": "262268685",
    "to_node": "3149622374",
    "length_m": 91,
    "elevation_m": 882.5,
    "is_low_point": false,
    "drain_distance_m": 222,
    "drain_capacity_mm_hr": 25,
    "history_score": 0.65,
    "water_distance_m": 72
   }
  },
  {
   "type": "Feature",
   "geometry": {
    "type": "LineString",
    "coordinates": [
     [
      77.664071,
      12.923132
     ],
     [
      77.664519,
      12.923173
     ]
    ]
   },
   "properties": {
    "segment_id": "R-007",
    "name": "5th Cross Road",
    "kind": "lakeside",
    "highway": "residential",
    "oneway": false,
    "from_node": "262459524",
    "to_node": "3149622374",
    "length_m": 49,
    "elevation_m": 885.5,
    "is_low_point": false,
    "drain_distance_m": 201,
    "drain_capacity_mm_hr": 27,
    "history_score": 0.61,
    "water_distance_m": 137
   }
  },
  {
   "type": "Feature",
   "geometry": {
    "type": "LineString",
    "coordinates": [
     [
      77.664071,
      12.923132
     ],
     [
      77.664062,
      12.923005
     ],
     [
      77.664049,
      12.922968
     ]
    ]
   },
   "properties": {
    "segment_id": "R-008",
    "name": "5th Main Road",
    "kind": "residential",
    "highway": "residential",
    "oneway": false,
    "from_node": "262459524",
    "to_node": "13144006534",
    "length_m": 18,
    "elevation_m": 887.0,
    "is_low_point": false,
    "drain_distance_m": 127,
    "drain_capacity_mm_hr": 32,
    "history_score": 0.44,
    "water_distance_m": 159
   }
  },
  {
   "type": "Feature",
   "geometry": {
    "type": "LineString",
    "coordinates": [
     [
      77.664071,
      12.923132
     ],
     [
      77.663729,
      12.923188
     ],
     [
      77.663543,
      12.923184
     ],
     [
      77.663055,
      12.923092
     ]
    ]
   },
   "properties": {
    "segment_id": "R-009",
    "name": "5th Cross Road",
    "kind": "residential",
    "highway": "residential",
    "oneway": false,
    "from_node": "262459524",
    "to_node": "262459526",
    "length_m": 112,
    "elevation_m": 886.5,
    "is_low_point": false,
    "drain_distance_m": 127,
    "drain_capacity_mm_hr": 35,
    "history_score": 0.42,
    "water_distance_m": 214
   }
  },
  {
   "type": "Feature",
   "geometry": {
    "type": "LineString",
    "coordinates": [
     [
      77.663055,
      12.923092
     ],
     [
      77.663081,
      12.923282
     ]
    ]
   },
   "properties": {
    "segment_id": "R-010",
    "name": "Unnamed road",
    "kind": "residential",
    "highway": "residential",
    "oneway": false,
    "from_node": "262459526",
    "to_node": "12655271583",
    "length_m": 21,
    "elevation_m": 885.5,
    "is_low_point": false,
    "drain_distance_m": 183,
    "drain_capacity_mm_hr": 25,
    "history_score": 0.53,
    "water_distance_m": 268
   }
  },
  {
   "type": "Feature",
   "geometry": {
    "type": "LineString",
    "coordinates": [
     [
      77.663055,
      12.923092
     ],
     [
      77.663035,
      12.923057
     ],
     [
      77.663029,
      12.922907
     ]
    ]
   },
   "properties": {
    "segment_id": "R-011",
    "name": "3rd Main Road",
    "kind": "residential",
    "highway": "residential",
    "oneway": false,
    "from_node": "262459526",
    "to_node": "3149619842",
    "length_m": 21,
    "elevation_m": 886.5,
    "is_low_point": false,
    "drain_distance_m": 170,
    "drain_capacity_mm_hr": 34,
    "history_score": 0.49,
    "water_distance_m": 268
   }
  },
  {
   "type": "Feature",
   "geometry": {
    "type": "LineString",
    "coordinates": [
     [
      77.663055,
      12.923092
     ],
     [
      77.662368,
      12.923001
     ],
     [
      77.662316,
      12.922996
     ],
     [
      77.662304,
      12.922977
     ],
     [
      77.662294,
      12.922932
     ]
    ]
   },
   "properties": {
    "segment_id": "R-012",
    "name": "5th Cross Road",
    "kind": "residential",
    "highway": "residential",
    "oneway": false,
    "from_node": "262459526",
    "to_node": "12655285014",
    "length_m": 89,
    "elevation_m": 887.0,
    "is_low_point": false,
    "drain_distance_m": 132,
    "drain_capacity_mm_hr": 36,
    "history_score": 0.47,
    "water_distance_m": 308
   }
  },
  {
   "type": "Feature",
   "geometry": {
    "type": "LineString",
    "coordinates": [
     [
      77.651524,
      12.922679
     ],
     [
      77.651579,
      12.921204
     ]
    ]
   },
   "properties": {
    "segment_id": "R-013",
    "name": "27th Main Road",
    "kind": "lakeside",
    "highway": "secondary",
    "oneway": false,
    "from_node": "263386428",
    "to_node": "306622120",
    "length_m": 164,
    "elevation_m": 885.0,
    "is_low_point": false,
    "drain_distance_m": 262,
    "drain_capacity_mm_hr": 27,
    "history_score": 0.64,
    "water_distance_m": 90
   }
  },
  {
   "type": "Feature",
   "geometry": {
    "type": "LineString",
    "coordinates": [
     [
      77.651524,
      12.922679
     ],
     [
      77.651437,
      12.922673
     ],
     [
      77.651221,
      12.92261
     ]
    ]
   },
   "properties": {
    "segment_id": "R-014",
    "name": "1st Cross Road",
    "kind": "lakeside",
    "highway": "residential",
    "oneway": false,
    "from_node": "263386428",
    "to_node": "306621809",
    "length_m": 34,
    "elevation_m": 885.5,
    "is_low_point": false,
    "drain_distance_m": 270,
    "drain_capacity_mm_hr": 25,
    "history_score": 0.49,
    "water_distance_m": 12
   }
  },
  {
   "type": "Feature",
   "geometry": {
    "type": "LineString",
    "coordinates": [
     [
      77.651524,
      12.922679
     ],
     [
      77.651575,
      12.923079
     ],
     [
      77.651615,
      12.92335
     ],
     [
      77.651629,
      12.923429
     ],
     [
      77.651736,
      12.924008
     ],
     [
      77.651744,
      12.92405
     ],
     [
      77.651753,
      12.924097
     ]
    ]
   },
   "properties": {
    "segment_id": "R-015",
    "name": "27th Main Road",
    "kind": "lakeside",
    "highway": "secondary",
    "oneway": false,
    "from_node": "263386428",
    "to_node": "11533595484",
    "length_m": 160,
    "elevation_m": 883.5,
    "is_low_point": false,
    "drain_distance_m": 229,
    "drain_capacity_mm_hr": 23,
    "history_score": 0.53,
    "water_distance_m": 40
   }
  },
  {
   "type": "Feature",
   "geometry": {
    "type": "LineString",
    "coordinates": [
     [
      77.645481,
      12.919575
     ],
     [
      77.645499,
      12.920055
     ]
    ]
   },
   "properties": {
    "segment_id": "R-016",
    "name": "20th Main Road",
    "kind": "residential",
    "highway": "residential",
    "oneway": false,
    "from_node": "263431510",
    "to_node": "4146211264",
    "length_m": 53,
    "elevation_m": 890.0,
    "is_low_point": false,
    "drain_distance_m": 101,
    "drain_capacity_mm_hr": 27,
    "history_score": 0.37,
    "water_distance_m": 256
   }
  },
  {
   "type": "Feature",
   "geometry": {
    "type": "LineString",
    "coordinates": [
     [
      77.645481,
      12.919575
     ],
     [
      77.647186,
      12.919463
     ]
    ]
   },
   "properties": {
    "segment_id": "R-017",
    "name": "7th Cross Road",
    "kind": "residential",
    "highway": "tertiary",
    "oneway": false,
    "from_node": "263431510",
    "to_node": "266310426",
    "length_m": 185,
    "elevation_m": 891.5,
    "is_low_point": false,
    "drain_distance_m": 130,
    "drain_capacity_mm_hr": 32,
    "history_score": 0.33,
    "water_distance_m": 346
   }
  },
  {
   "type": "Feature",
   "geometry": {
    "type": "LineString",
    "coordinates": [
     [
      77.645481,
      12.919575
     ],
     [
      77.64508,
      12.919598
     ],
     [
      77.64507,
      12.919599
     ],
     [
      77.644998,
      12.919604
     ]
    ]
   },
   "properties": {
    "segment_id": "R-018",
    "name": "7th Cross Road",
    "kind": "residential",
    "highway": "tertiary",
    "oneway": false,
    "from_node": "263431510",
    "to_node": "2406084997",
    "length_m": 52,
    "elevation_m": 889.5,
    "is_low_point": false,
    "drain_distance_m": 119,
    "drain_capacity_mm_hr": 27,
    "history_score": 0.51,
    "water_distance_m": 251
   }
  },
  {
   "type": "Feature",
   "geometry": {
    "type": "LineString",
    "coordinates": [
     [
      77.665364,
      12.923878
     ],
     [
      77.665365,
      12.923752
     ]
    ]
   },
   "properties": {
    "segment_id": "R-019",
    "name": "6th Main Road",
    "kind": "lakeside",
    "highway": "tertiary",
    "oneway": false,
    "from_node": "263870368",
    "to_node": "13143804928",
    "length_m": 14,
    "elevation_m": 877.5,
    "is_low_point": false,
    "drain_distance_m": 261,
    "drain_capacity_mm_hr": 26,
    "history_score": 0.66,
    "water_distance_m": 90
   }
  },
  {
   "type": "Feature",
   "geometry": {
    "type": "LineString",
    "coordinates": [
     [
      77.665364,
      12.923878
     ],
     [
      77.665373,
      12.924225
     ],
     [
      77.665375,
      12.924328
     ],
     [
      77.665391,
      12.924788
     ],
     [
      77.665399,
      12.925129
     ]
    ]
   },
   "properties": {
    "segment_id": "R-020",
    "name": "6th Main Road",
    "kind": "residential",
    "highway": "tertiary",
    "oneway": false,
    "from_node": "263870368",
    "to_node": "263870543",
    "length_m": 139,
    "elevation_m": 877.5,
    "is_low_point": false,
    "drain_distance_m": 108,
    "drain_capacity_mm_hr": 33,
    "history_score": 0.69,
    "water_distance_m": 159
   }
  },
  {
   "type": "Feature",
   "geometry": {
    "type": "LineString",
    "coordinates": [
     [
      77.665364,
      12.923878
     ],
     [
      77.665296,
      12.923877
     ],
     [
      77.665276,
      12.923878
     ],
     [
      77.664864,
      12.923889
     ],
     [
      77.664725,
      12.924192
     ],
     [
      77.664435,
      12.9245
     ]
    ]
   },
   "properties": {
    "segment_id": "R-021",
    "name": "Unnamed road",
    "kind": "residential",
    "highway": "residential",
    "oneway": true,
    "from_node": "263870368",
    "to_node": "263870497",
    "length_m": 138,
    "elevation_m": 878.0,
    "is_low_point": false,
    "drain_distance_m": 160,
    "drain_capacity_mm_hr": 36,
    "history_score": 0.71,
    "water_distance_m": 154
   }
  },
  {
   "type": "Feature",
   "geometry": {
    "type": "LineString",
    "coordinates": [
     [
      77.664435,
      12.9245
     ],
     [
      77.664371,
      12.924461
     ],
     [
      77.664343,
      12.924444
     ]
    ]
   },
   "properties": {
    "segment_id": "R-022",
    "name": "Unnamed road",
    "kind": "residential",
    "highway": "residential",
    "oneway": false,
    "from_node": "263870497",
    "to_node": "12183733536",
    "length_m": 12,
    "elevation_m": 879.0,
    "is_low_point": false,
    "drain_distance_m": 183,
    "drain_capacity_mm_hr": 32,
    "history_score": 0.72,
    "water_distance_m": 214
   }
  },
  {
   "type": "Feature",
   "geometry": {
    "type": "LineString",
    "coordinates": [
     [
      77.664435,
      12.9245
     ],
     [
      77.664423,
      12.924719
     ],
     [
      77.66444,
      12.925148
     ]
    ]
   },
   "properties": {
    "segment_id": "R-023",
    "name": "Unnamed road",
    "kind": "residential",
    "highway": "residential",
    "oneway": true,
    "from_node": "263870497",
    "to_node": "263870522",
    "length_m": 72,
    "elevation_m": 879.0,
    "is_low_point": false,
    "drain_distance_m": 94,
    "drain_capacity_mm_hr": 27,
    "history_score": 0.62,
    "water_distance_m": 220
   }
  },
  {
   "type": "Feature",
   "geometry": {
    "type": "LineString",
    "coordinates": [
     [
      77.66444,
      12.925148
     ],
     [
      77.664967,
      12.925138
     ],
     [
      77.665312,
      12.92513
     ],
     [
      77.66534,
      12.92513
     ],
     [
      77.665399,
      12.925129
     ]
    ]
   },
   "properties": {
    "segment_id": "R-024",
    "name": "Unnamed road",
    "kind": "residential",
    "highway": "residential",
    "oneway": true,
    "from_node": "263870522",
    "to_node": "263870543",
    "length_m": 104,
    "elevation_m": 878.5,
    "is_low_point": false,
    "drain_distance_m": 113,
    "drain_capacity_mm_hr": 27,
    "history_score": 0.77,
    "water_distance_m": 196
   }
  },
  {
   "type": "Feature",
   "geometry": {
    "type": "LineString",
    "coordinates": [
     [
      77.66444,
      12.925148
     ],
     [
      77.664473,
      12.925421
     ],
     [
      77.664478,
      12.925484
     ],
     [
      77.664493,
      12.925573
     ],
     [
      77.664464,
      12.925672
     ],
     [
      77.664454,
      12.926038
     ]
    ]
   },
   "properties": {
    "segment_id": "R-025",
    "name": "Unnamed road",
    "kind": "lakeside",
    "highway": "residential",
    "oneway": false,
    "from_node": "263870522",
    "to_node": "302499382",
    "length_m": 100,
    "elevation_m": 877.0,
    "is_low_point": false,
    "drain_distance_m": 231,
    "drain_capacity_mm_hr": 27,
    "history_score": 0.76,
    "water_distance_m": 137
   }
  },
  {
   "type": "Feature",
   "geometry": {
    "type": "LineString",
    "coordinates": [
     [
      77.665399,
      12.925129
     ],
     [
      77.665402,
      12.92523
     ]
    ]
   },
   "properties": {
    "segment_id": "R-026",
    "name": "6th Main Road",
    "kind": "residential",
    "highway": "tertiary",
    "oneway": false,
    "from_node": "263870543",
    "to_node": "263870590",
    "length_m": 11,
    "elevation_m": 878.0,
    "is_low_point": false,
    "drain_distance_m": 191,
    "drain_capacity_mm_hr": 29,
    "history_score": 0.68,
    "water_distance_m": 199
   }
  },
  {
   "type": "Feature",
   "geometry": {
    "type": "LineString",
    "coordinates": [
     [
      77.665402,
      12.92523
     ],
     [
      77.665462,
      12.925229
     ],
     [
      77.66549,
      12.925228
     ],
     [
      77.665802,
      12.925216
     ],
     [
      77.665832,
      12.925215
     ],
     [
      77.666082,
      12.925205
     ]
    ]
   },
   "properties": {
    "segment_id": "R-027",
    "name": "Unnamed road",
    "kind": "residential",
    "highway": "residential",
    "oneway": false,
    "from_node": "263870590",
    "to_node": "1827221592",
    "length_m": 74,
    "elevation_m": 878.0,
    "is_low_point": false,
    "drain_distance_m": 117,
    "drain_capacity_mm_hr": 27,
    "history_score": 0.7,
    "water_distance_m": 202
   }
  },
  {
   "type": "Feature",
   "geometry": {
    "type": "LineString",
    "coordinates": [
     [
      77.665402,
      12.92523
     ],
     [
      77.665406,
      12.92556
     ],
     [
      77.665408,
      12.925842
     ]
    ]
   },
   "properties": {
    "segment_id": "R-028",
    "name": "6th Main Road",
    "kind": "residential",
    "highway": "tertiary",
    "oneway": false,
    "from_node": "263870590",
    "to_node": "7262783220",
    "length_m": 68,
    "elevation_m": 877.5,
    "is_low_point": false,
    "drain_distance_m": 154,
    "drain_capacity_mm_hr": 27,
    "history_score": 0.79,
    "water_distance_m": 160
   }
  },
  {
   "type": "Feature",
   "geometry": {
    "type": "LineString",
    "coordinates": [
     [
      77.663041,
      12.92217
     ],
     [
      77.663038,
      12.922364
     ]
    ]
   },
   "properties": {
    "segment_id": "R-029",
    "name": "3rd Main Road",
    "kind": "residential",
    "highway": "residential",
    "oneway": false,
    "from_node": "264189089",
    "to_node": "3149619847",
    "length_m": 22,
    "elevation_m": 889.0,
    "is_low_point": false,
    "drain_distance_m": 114,
    "drain_capacity_mm_hr": 29,
    "history_score": 0.53,
    "water_distance_m": 273
   }
  },
  {
   "type": "Feature",
   "geometry": {
    "type": "LineString",
    "coordinates": [
     [
      77.663041,
      12.92217
     ],
     [
      77.662994,
      12.921803
     ]
    ]
   },
   "properties": {
    "segment_id": "R-030",
    "name": "3rd Main Road",
    "kind": "residential",
    "highway": "residential",
    "oneway": false,
    "from_node": "264189089",
    "to_node": "3149619851",
    "length_m": 41,
    "elevation_m": 890.5,
    "is_low_point": false,
    "drain_distance_m": 100,
    "drain_capacity_mm_hr": 30,
    "history_score": 0.31,
    "water_distance_m": 281
   }
  },
  {
   "type": "Feature",
   "geometry": {
    "type": "LineString",
    "coordinates": [
     [
      77.663041,
      12.92217
     ],
     [
      77.663409,
      12.922131
     ]
    ]
   },
   "properties": {
    "segment_id": "R-031",
    "name": "Unnamed road",
    "kind": "residential",
    "highway": "residential",
    "oneway": false,
    "from_node": "264189089",
    "to_node": "3149619853",
    "length_m": 40,
    "elevation_m": 888.5,
    "is_low_point": false,
    "drain_distance_m": 159,
    "drain_capacity_mm_hr": 25,
    "history_score": 0.51,
    "water_distance_m": 255
   }
  },
  {
   "type": "Feature",
   "geometry": {
    "type": "LineString",
    "coordinates": [
     [
      77.663041,
      12.92217
     ],
     [
      77.662814,
      12.922194
     ],
     [
      77.661829,
      12.922299
     ]
    ]
   },
   "properties": {
    "segment_id": "R-032",
    "name": "Unnamed road",
    "kind": "residential",
    "highway": "residential",
    "oneway": false,
    "from_node": "264189089",
    "to_node": "3149619833",
    "length_m": 132,
    "elevation_m": 890.5,
    "is_low_point": false,
    "drain_distance_m": 97,
    "drain_capacity_mm_hr": 29,
    "history_score": 0.36,
    "water_distance_m": 338
   }
  },
  {
   "type": "Feature",
   "geometry": {
    "type": "LineString",
    "coordinates": [
     [
      77.649255,
      12.918694
     ],
     [
      77.649803,
      12.918655
     ]
    ]
   },
   "properties": {
    "segment_id": "R-033",
    "name": "9th Cross Road",
    "kind": "residential",
    "highway": "residential",
    "oneway": false,
    "from_node": "266164941",
    "to_node": "266318559",
    "length_m": 59,
    "elevation_m": 892.5,
    "is_low_point": false,
    "drain_distance_m": 148,
    "drain_capacity_mm_hr": 36,
    "history_score": 0.4,
    "water_distance_m": 438
   }
  },
  {
   "type": "Feature",
   "geometry": {
    "type": "LineString",
    "coordinates": [
     [
      77.649255,
      12.918694
     ],
     [
      77.649256,
      12.918723
     ]
    ]
   },
   "properties": {
    "segment_id": "R-034",
    "name": "24th Main Road",
    "kind": "residential",
    "highway": "tertiary",
    "oneway": false,
    "from_node": "266164941",
    "to_node": "11007435038",
    "length_m": 3,
    "elevation_m": 893.0,
    "is_low_point": false,
    "drain_distance_m": 91,
    "drain_capacity_mm_hr": 34,
    "history_score": 0.33,
    "water_distance_m": 467
   }
  },
  {
   "type": "Feature",
   "geometry": {
    "type": "LineString",
    "coordinates": [
     [
      77.649255,
      12.918694
     ],
     [
      77.649246,
      12.918525
     ],
     [
      77.649245,
      12.918503
     ],
     [
      77.64924,
      12.918417
     ],
     [
      77.649176,
      12.917292
     ]
    ]
   },
   "properties": {
    "segment_id": "R-035",
    "name": "24th Main Road",
    "kind": "residential",
    "highway": "tertiary",
    "oneway": false,
    "from_node": "266164941",
    "to_node": "266304400",
    "length_m": 156,
    "elevation_m": 893.0,
    "is_low_point": false,
    "drain_distance_m": 149,
    "drain_capacity_mm_hr": 32,
    "history_score": 0.26,
    "water_distance_m": 398
   }
  },
  {
   "type": "Feature",
   "geometry": {
    "type": "LineString",
    "coordinates": [
     [
      77.64926,
      12.918953
     ],
     [
      77.651167,
      12.919016
     ]
    ]
   },
   "properties": {
    "segment_id": "R-036",
    "name": "8th Cross Road",
    "kind": "residential",
    "highway": "residential",
    "oneway": false,
    "from_node": "266164942",
    "to_node": "266314035",
    "length_m": 207,
    "elevation_m": 891.0,
    "is_low_point": false,
    "drain_distance_m": 102,
    "drain_capacity_mm_hr": 32,
    "history_score": 0.35,
    "water_distance_m": 362
   }
  },
  {
   "type": "Feature",
   "geometry": {
    "type": "LineString",
    "coordinates": [
     [
      77.64926,
      12.918953
     ],
     [
      77.64799,
      12.91908
     ]
    ]
   },
   "properties": {
    "segment_id": "R-037",
    "name": "8th Cross Road",
    "kind": "residential",
    "highway": "residential",
    "oneway": false,
    "from_node": "266164942",
    "to_node": "266318994",
    "length_m": 138,
    "elevation_m": 892.0,
    "is_low_point": false,
    "drain_distance_m": 195,
    "drain_capacity_mm_hr": 29,
    "history_score": 0.38,
    "water_distance_m": 488
   }
  },
  {
   "type": "Feature",
   "geometry": {
    "type": "LineString",
    "coordinates": [
     [
      77.64926,
      12.918953
     ],
     [
      77.649256,
      12.918723
     ]
    ]
   },
   "properties": {
    "segment_id": "R-038",
    "name": "24th Main Road",
    "kind": "residential",
    "highway": "tertiary",
    "oneway": false,
    "from_node": "266164942",
    "to_node": "11007435038",
    "length_m": 26,
    "elevation_m": 892.5,
    "is_low_point": false,
    "drain_distance_m": 145,
    "drain_capacity_mm_hr": 27,
    "history_score": 0.23,
    "water_distance_m": 466
   }
  },
  {
   "type": "Feature",
   "geometry": {
    "type": "LineString",
    "coordinates": [
     [
      77.64926,
      12.918953
     ],
     [
      77.649238,
      12.919515
     ]
    ]
   },
   "properties": {
    "segment_id": "R-039",
    "name": "24th Main Road",
    "kind": "residential",
    "highway": "tertiary",
    "oneway": false,
    "from_node": "266164942",
    "to_node": "266164948",
    "length_m": 63,
    "elevation_m": 892.0,
    "is_low_point": false,
    "drain_distance_m": 186,
    "drain_capacity_mm_hr": 35,
    "history_score": 0.27,
    "water_distance_m": 446
   }
  },
  {
   "type": "Feature",
   "geometry": {
    "type": "LineString",
    "coordinates": [
     [
      77.649238,
      12.919515
     ],
     [
      77.647999,
      12.919392
     ]
    ]
   },
   "properties": {
    "segment_id": "R-040",
    "name": "7th Cross Road",
    "kind": "residential",
    "highway": "tertiary",
    "oneway": false,
    "from_node": "266164948",
    "to_node": "2406084995",
    "length_m": 135,
    "elevation_m": 892.0,
    "is_low_point": false,
    "drain_distance_m": 157,
    "drain_capacity_mm_hr": 32,
    "history_score": 0.24,
    "water_distance_m": 464
   }
  },
  {
   "type": "Feature",
   "geometry": {
    "type": "LineString",
    "coordinates": [
     [
      77.649238,
      12.919515
     ],
     [
      77.649261,
      12.919796
     ]
    ]
   },
   "properties": {
    "segment_id": "R-041",
    "name": "24th Main Road",
    "kind": "residential",
    "highway": "tertiary",
    "oneway": false,
    "from_node": "266164948",
    "to_node": "4146211262",
    "length_m": 31,
    "elevation_m": 892.0,
    "is_low_point": false,
    "drain_distance_m": 149,
    "drain_capacity_mm_hr": 33,
    "history_score": 0.38,
    "water_distance_m": 406
   }
  },
  {
   "type": "Feature",
   "geometry": {
    "type": "LineString",
    "coordinates": [
     [
      77.649238,
      12.919515
     ],
     [
      77.650046,
      12.919636
     ]
    ]
   },
   "properties": {
    "segment_id": "R-042",
    "name": "7th Cross Road",
    "kind": "residential",
    "highway": "tertiary",
    "oneway": false,
    "from_node": "266164948",
    "to_node": "4146211261",
    "length_m": 89,
    "elevation_m": 891.0,
    "is_low_point": false,
    "drain_distance_m": 90,
    "drain_capacity_mm_hr": 30,
    "history_score": 0.32,
    "water_distance_m": 393
   }
  },
  {
   "type": "Feature",
   "geometry": {
    "type": "LineString",
    "coordinates": [
     [
      77.649786,
      12.923996
     ],
     [
      77.649288,
      12.923775
     ]
    ]
   },
   "properties": {
    "segment_id": "R-043",
    "name": "1st Cross Road",
    "kind": "lakeside",
    "highway": "residential",
    "oneway": false,
    "from_node": "266275456",
    "to_node": "6462301371",
    "length_m": 59,
    "elevation_m": 882.5,
    "is_low_point": false,
    "drain_distance_m": 293,
    "drain_capacity_mm_hr": 22,
    "history_score": 0.69,
    "water_distance_m": 127
   }
  },
  {
   "type": "Feature",
   "geometry": {
    "type": "LineString",
    "coordinates": [
     [
      77.649786,
      12.923996
     ],
     [
      77.650111,
      12.92416
     ],
     [
      77.650138,
      12.92423
     ],
     [
      77.650133,
      12.924293
     ]
    ]
   },
   "properties": {
    "segment_id": "R-044",
    "name": "Unnamed road",
    "kind": "lakeside",
    "highway": "tertiary",
    "oneway": false,
    "from_node": "266275456",
    "to_node": "2388266844",
    "length_m": 55,
    "elevation_m": 883.0,
    "is_low_point": false,
    "drain_distance_m": 231,
    "drain_capacity_mm_hr": 27,
    "history_score": 0.52,
    "water_distance_m": 98
   }
  },
  {
   "type": "Feature",
   "geometry": {
    "type": "LineString",
    "coordinates": [
     [
      77.649786,
      12.923996
     ],
     [
      77.649867,
      12.923669
     ],
     [
      77.649889,
      12.923495
     ],
     [
      77.649867,
      12.923129
     ],
     [
      77.649842,
      12.923021
     ],
     [
      77.649785,
      12.922778
     ],
     [
      77.649746,
      12.922612
     ]
    ]
   },
   "properties": {
    "segment_id": "R-045",
    "name": "24th Main Road",
    "kind": "residential",
    "highway": "tertiary",
    "oneway": false,
    "from_node": "266275456",
    "to_node": "6196907479",
    "length_m": 157,
    "elevation_m": 882.5,
    "is_low_point": false,
    "drain_distance_m": 194,
    "drain_capacity_mm_hr": 35,
    "history_score": 0.52,
    "water_distance_m": 163
   }
  },
  {
   "type": "Feature",
   "geometry": {
    "type": "LineString",
    "coordinates": [
     [
      77.649731,
      12.922554
     ],
     [
      77.649693,
      12.921911
     ]
    ]
   },
   "properties": {
    "segment_id": "R-046",
    "name": "24th Main Road",
    "kind": "residential",
    "highway": "tertiary",
    "oneway": false,
    "from_node": "266275460",
    "to_node": "266275461",
    "length_m": 72,
    "elevation_m": 884.0,
    "is_low_point": false,
    "drain_distance_m": 98,
    "drain_capacity_mm_hr": 30,
    "history_score": 0.62,
    "water_distance_m": 176
   }
  },
  {
   "type": "Feature",
   "geometry": {
    "type": "LineString",
    "coordinates": [
     [
      77.649731,
      12.922554
     ],
     [
      77.649746,
      12.922612
     ]
    ]
   },
   "properties": {
    "segment_id": "R-047",
    "name": "24th Main Road",
    "kind": "residential",
    "highway": "tertiary",
    "oneway": false,
    "from_node": "266275460",
    "to_node": "6196907479",
    "length_m": 7,
    "elevation_m": 883.5,
    "is_low_point": false,
    "drain_distance_m": 104,
    "drain_capacity_mm_hr": 33,
    "history_score": 0.58,
    "water_distance_m": 164
   }
  },
  {
   "type": "Feature",
   "geometry": {
    "type": "LineString",
    "coordinates": [
     [
      77.649731,
      12.922554
     ],
     [
      77.650276,
      12.922476
     ],
     [
      77.650292,
      12.922474
     ]
    ]
   },
   "properties": {
    "segment_id": "R-048",
    "name": "1st Cross Road",
    "kind": "lakeside",
    "highway": "residential",
    "oneway": false,
    "from_node": "266275460",
    "to_node": "11431805314",
    "length_m": 61,
    "elevation_m": 883.5,
    "is_low_point": false,
    "drain_distance_m": 227,
    "drain_capacity_mm_hr": 25,
    "history_score": 0.66,
    "water_distance_m": 136
   }
  },
  {
   "type": "Feature",
   "geometry": {
    "type": "LineString",
    "coordinates": [
     [
      77.649693,
      12.921911
     ],
     [
      77.650139,
      12.92185
     ]
    ]
   },
   "properties": {
    "segment_id": "R-049",
    "name": "Unnamed road",
    "kind": "residential",
    "highway": "residential",
    "oneway": false,
    "from_node": "266275461",
    "to_node": "10211111398",
    "length_m": 49,
    "elevation_m": 885.0,
    "is_low_point": false,
    "drain_distance_m": 113,
    "drain_capacity_mm_hr": 29,
    "history_score": 0.55,
    "water_distance_m": 174
   }
  },
  {
   "type": "Feature",
   "geometry": {
    "type": "LineString",
    "coordinates": [
     [
      77.649693,
      12.921911
     ],
     [
      77.649667,
      12.921715
     ]
    ]
   },
   "properties": {
    "segment_id": "R-050",
    "name": "24th Main Road",
    "kind": "residential",
    "highway": "tertiary",
    "oneway": false,
    "from_node": "266275461",
    "to_node": "4146211288",
    "length_m": 22,
    "elevation_m": 884.5,
    "is_low_point": false,
    "drain_distance_m": 112,
    "drain_capacity_mm_hr": 33,
    "history_score": 0.51,
    "water_distance_m": 199
   }
  },
  {
   "type": "Feature",
   "geometry": {
    "type": "LineString",
    "coordinates": [
     [
      77.649392,
      12.920702
     ],
     [
      77.649867,
      12.92068
     ]
    ]
   },
   "properties": {
    "segment_id": "R-051",
    "name": "4th Cross Road",
    "kind": "residential",
    "highway": "residential",
    "oneway": false,
    "from_node": "266275462",
    "to_node": "5267402570",
    "length_m": 52,
    "elevation_m": 888.5,
    "is_low_point": false,
    "drain_distance_m": 161,
    "drain_capacity_mm_hr": 36,
    "history_score": 0.42,
    "water_distance_m": 288
   }
  },
  {
   "type": "Feature",
   "geometry": {
    "type": "LineString",
    "coordinates": [
     [
      77.649392,
      12.920702
     ],
     [
      77.649362,
      12.920527
     ]
    ]
   },
   "properties": {
    "segment_id": "R-052",
    "name": "24th Main Road",
    "kind": "residential",
    "highway": "tertiary",
    "oneway": false,
    "from_node": "266275462",
    "to_node": "4146211268",
    "length_m": 20,
    "elevation_m": 890.0,
    "is_low_point": false,
    "drain_distance_m": 103,
    "drain_capacity_mm_hr": 30,
    "history_score": 0.34,
    "water_distance_m": 312
   }
  },
  {
   "type": "Feature",
   "geometry": {
    "type": "LineString",
    "coordinates": [
     [
      77.649392,
      12.920702
     ],
     [
      77.649424,
      12.920829
     ]
    ]
   },
   "properties": {
    "segment_id": "R-053",
    "name": "24th Main Road",
    "kind": "residential",
    "highway": "tertiary",
    "oneway": false,
    "from_node": "266275462",
    "to_node": "4146211272",
    "length_m": 15,
    "elevation_m": 889.5,
    "is_low_point": false,
    "drain_distance_m": 155,
    "drain_capacity_mm_hr": 28,
    "history_score": 0.36,
    "water_distance_m": 297
   }
  },
  {
   "type": "Feature",
   "geometry": {
    "type": "LineString",
    "coordinates": [
     [
      77.644267,
      12.917202
     ],
     [
      77.643782,
      12.917211
     ]
    ]
   },
   "properties": {
    "segment_id": "R-054",
    "name": "11th Cross Road",
    "kind": "residential",
    "highway": "tertiary",
    "oneway": false,
    "from_node": "266303064",
    "to_node": "266304629",
    "length_m": 53,
    "elevation_m": 884.5,
    "is_low_point": false,
    "drain_distance_m": 98,
    "drain_capacity_mm_hr": 27,
    "history_score": 0.57,
    "water_distance_m": 211
   }
  },
  {
   "type": "Feature",
   "geometry": {
    "type": "LineString",
    "coordinates": [
     [
      77.644267,
      12.917202
     ],
     [
      77.644315,
      12.918294
     ],
     [
      77.644339,
      12.918735
     ],
     [
      77.644312,
      12.918746
     ],
     [
      77.644183,
      12.918792
     ]
    ]
   },
   "properties": {
    "segment_id": "R-055",
    "name": "18th Main Road",
    "kind": "residential",
    "highway": "residential",
    "oneway": false,
    "from_node": "266303064",
    "to_node": "5931055710",
    "length_m": 189,
    "elevation_m": 886.5,
    "is_low_point": false,
    "drain_distance_m": 190,
    "drain_capacity_mm_hr": 27,
    "history_score": 0.56,
    "water_distance_m": 273
   }
  },
  {
   "type": "Feature",
   "geometry": {
    "type": "LineString",
    "coordinates": [
     [
      77.644267,
      12.917202
     ],
     [
      77.644751,
      12.917182
     ],
     [
      77.644774,
      12.917179
     ],
     [
      77.644858,
      12.917178
     ]
    ]
   },
   "properties": {
    "segment_id": "R-056",
    "name": "11th Cross Road",
    "kind": "residential",
    "highway": "tertiary",
    "oneway": false,
    "from_node": "266303064",
    "to_node": "2414635984",
    "length_m": 64,
    "elevation_m": 886.0,
    "is_low_point": false,
    "drain_distance_m": 116,
    "drain_capacity_mm_hr": 25,
    "history_score": 0.54,
    "water_distance_m": 219
   }
  },
  {
   "type": "Feature",
   "geometry": {
    "type": "LineString",
    "coordinates": [
     [
      77.649176,
      12.917292
     ],
     [
      77.648739,
      12.917279
     ]
    ]
   },
   "properties": {
    "segment_id": "R-057",
    "name": "11th Cross Road",
    "kind": "residential",
    "highway": "residential",
    "oneway": false,
    "from_node": "266304400",
    "to_node": "266304402",
    "length_m": 47,
    "elevation_m": 892.5,
    "is_low_point": false,
    "drain_distance_m": 105,
    "drain_capacity_mm_hr": 27,
    "history_score": 0.43,
    "water_distance_m": 318
   }
  },
  {
   "type": "Feature",
   "geometry": {
    "type": "LineString",
    "coordinates": [
     [
      77.649176,
      12.917292
     ],
     [
      77.649752,
      12.917283
     ]
    ]
   },
   "properties": {
    "segment_id": "R-058",
    "name": "11th Cross Road",
    "kind": "residential",
    "highway": "residential",
    "oneway": false,
    "from_node": "266304400",
    "to_node": "266313958",
    "length_m": 62,
    "elevation_m": 893.5,
    "is_low_point": false,
    "drain_distance_m": 142,
    "drain_capacity_mm_hr": 31,
    "history_score": 0.38,
    "water_distance_m": 323
   }
  },
  {
   "type": "Feature",
   "geometry": {
    "type": "LineString",
    "coordinates": [
     [
      77.649176,
      12.917292
     ],
     [
      77.649171,
      12.917194
     ],
     [
      77.649138,
      12.916788
     ]
    ]
   },
   "properties": {
    "segment_id": "R-059",
    "name": "24th Main Road",
    "kind": "residential",
    "highway": "tertiary",
    "oneway": false,
    "from_node": "266304400",
    "to_node": "306620859",
    "length_m": 56,
    "elevation_m": 893.0,
    "is_low_point": false,
    "drain_distance_m": 111,
    "drain_capacity_mm_hr": 34,
    "history_score": 0.26,
    "water_distance_m": 293
   }
  },
  {
   "type": "Feature",
   "geometry": {
    "type": "LineString",
    "coordinates": [
     [
      77.648739,
      12.917279
     ],
     [
      77.648396,
      12.917268
     ]
    ]
   },
   "properties": {
    "segment_id": "R-060",
    "name": "11th Cross Road",
    "kind": "residential",
    "highway": "residential",
    "oneway": false,
    "from_node": "266304402",
    "to_node": "306620508",
    "length_m": 37,
    "elevation_m": 892.5,
    "is_low_point": false,
    "drain_distance_m": 137,
    "drain_capacity_mm_hr": 29,
    "history_score": 0.34,
    "water_distance_m": 312
   }
  },
  {
   "type": "Feature",
   "geometry": {
    "type": "LineString",
    "coordinates": [
     [
      77.648739,
      12.917279
     ],
     [
      77.648729,
      12.917924
     ],
     [
      77.648767,
      12.918561
     ]
    ]
   },
   "properties": {
    "segment_id": "R-061",
    "name": "23rd Main Road",
    "kind": "residential",
    "highway": "residential",
    "oneway": false,
    "from_node": "266304402",
    "to_node": "266318288",
    "length_m": 143,
    "elevation_m": 892.5,
    "is_low_point": false,
    "drain_distance_m": 164,
    "drain_capacity_mm_hr": 33,
    "history_score": 0.42,
    "water_distance_m": 385
   }
  },
  {
   "type": "Feature",
   "geometry": {
    "type": "LineString",
    "coordinates": [
     [
      77.643782,
      12.917211
     ],
     [
      77.643827,
      12.918302
     ]
    ]
   },
   "properties": {
    "segment_id": "R-062",
    "name": "17th C Main Road",
    "kind": "residential",
    "highway": "residential",
    "oneway": false,
    "from_node": "266304629",
    "to_node": "308452451",
    "length_m": 121,
    "elevation_m": 883.5,
    "is_low_point": false,
    "drain_distance_m": 134,
    "drain_capacity_mm_hr": 25,
    "history_score": 0.52,
    "water_distance_m": 252
   }
  },
  {
   "type": "Feature",
   "geometry": {
    "type": "LineString",
    "coordinates": [
     [
      77.643782,
      12.917211
     ],
     [
      77.643429,
      12.91723
     ]
    ]
   },
   "properties": {
    "segment_id": "R-063",
    "name": "11th Cross Road",
    "kind": "residential",
    "highway": "tertiary",
    "oneway": false,
    "from_node": "266304629",
    "to_node": "266304630",
    "length_m": 38,
    "elevation_m": 884.0,
    "is_low_point": false,
    "drain_distance_m": 117,
    "drain_capacity_mm_hr": 34,
    "history_score": 0.5,
    "water_distance_m": 205
   }
  },
  {
   "type": "Feature",
   "geometry": {
    "type": "LineString",
    "coordinates": [
     [
      77.643429,
      12.91723
     ],
     [
      77.643481,
      12.918345
     ]
    ]
   },
   "properties": {
    "segment_id": "R-064",
    "name": "17th B Main Road",
    "kind": "residential",
    "highway": "residential",
    "oneway": false,
    "from_node": "266304630",
    "to_node": "308452454",
    "length_m": 124,
    "elevation_m": 884.0,
    "is_low_point": false,
    "drain_distance_m": 136,
    "drain_capacity_mm_hr": 29,
    "history_score": 0.51,
    "water_distance_m": 220
   }
  },
  {
   "type": "Feature",
   "geometry": {
    "type": "LineString",
    "coordinates": [
     [
      77.643429,
      12.91723
     ],
     [
      77.643012,
      12.917234
     ]
    ]
   },
   "properties": {
    "segment_id": "R-065",
    "name": "11th Cross Road",
    "kind": "residential",
    "highway": "tertiary",
    "oneway": false,
    "from_node": "266304630",
    "to_node": "5292923940",
    "length_m": 45,
    "elevation_m": 883.5,
    "is_low_point": false,
    "drain_distance_m": 192,
    "drain_capacity_mm_hr": 27,
    "history_score": 0.56,
    "water_distance_m": 201
   }
  },
  {
   "type": "Feature",
   "geometry": {
    "type": "LineString",
    "coordinates": [
     [
      77.647186,
      12.919463
     ],
     [
      77.64711,
      12.918917
     ]
    ]
   },
   "properties": {
    "segment_id": "R-066",
    "name": "22nd Main Road",
    "kind": "residential",
    "highway": "residential",
    "oneway": false,
    "from_node": "266310426",
    "to_node": "3298857091",
    "length_m": 61,
    "elevation_m": 893.5,
    "is_low_point": false,
    "drain_distance_m": 151,
    "drain_capacity_mm_hr": 34,
    "history_score": 0.2,
    "water_distance_m": 436
   }
  },
  {
   "type": "Feature",
   "geometry": {
    "type": "LineString",
    "coordinates": [
     [
      77.647186,
      12.919463
     ],
     [
      77.647263,
      12.919933
     ]
    ]
   },
   "properties": {
    "segment_id": "R-067",
    "name": "22nd Main Road",
    "kind": "residential",
    "highway": "residential",
    "oneway": false,
    "from_node": "266310426",
    "to_node": "306621180",
    "length_m": 53,
    "elevation_m": 892.0,
    "is_low_point": false,
    "drain_distance_m": 182,
    "drain_capacity_mm_hr": 36,
    "history_score": 0.42,
    "water_distance_m": 408
   }
  },
  {
   "type": "Feature",
   "geometry": {
    "type": "LineString",
    "coordinates": [
     [
      77.647186,
      12.919463
     ],
     [
      77.64768,
      12.919403
     ],
     [
      77.647999,
      12.919392
     ]
    ]
   },
   "properties": {
    "segment_id": "R-068",
    "name": "7th Cross Road",
    "kind": "residential",
    "highway": "tertiary",
    "oneway": false,
    "from_node": "266310426",
    "to_node": "2406084995",
    "length_m": 88,
    "elevation_m": 892.0,
    "is_low_point": false,
    "drain_distance_m": 183,
    "drain_capacity_mm_hr": 35,
    "history_score": 0.24,
    "water_distance_m": 458
   }
  },
  {
   "type": "Feature",
   "geometry": {
    "type": "LineString",
    "coordinates": [
     [
      77.647091,
      12.918774
     ],
     [
      77.647359,
      12.918734
     ]
    ]
   },
   "properties": {
    "segment_id": "R-069",
    "name": "9th Cross Road",
    "kind": "residential",
    "highway": "residential",
    "oneway": false,
    "from_node": "266310433",
    "to_node": "7432244872",
    "length_m": 29,
    "elevation_m": 895.5,
    "is_low_point": false,
    "drain_distance_m": 114,
    "drain_capacity_mm_hr": 30,
    "history_score": 0.23,
    "water_distance_m": 411
   }
  },
  {
   "type": "Feature",
   "geometry": {
    "type": "LineString",
    "coordinates": [
     [
      77.647091,
      12.918774
     ],
     [
      77.647088,
      12.918412
     ]
    ]
   },
   "properties": {
    "segment_id": "R-070",
    "name": "22nd Main Road",
    "kind": "residential",
    "highway": "residential",
    "oneway": false,
    "from_node": "266310433",
    "to_node": "266310437",
    "length_m": 40,
    "elevation_m": 894.5,
    "is_low_point": false,
    "drain_distance_m": 132,
    "drain_capacity_mm_hr": 25,
    "history_score": 0.38,
    "water_distance_m": 391
   }
  },
  {
   "type": "Feature",
   "geometry": {
    "type": "LineString",
    "coordinates": [
     [
      77.647091,
      12.918774
     ],
     [
      77.64711,
      12.918917
     ]
    ]
   },
   "properties": {
    "segment_id": "R-071",
    "name": "22nd Main Road",
    "kind": "residential",
    "highway": "residential",
    "oneway": false,
    "from_node": "266310433",
    "to_node": "3298857091",
    "length_m": 16,
    "elevation_m": 895.0,
    "is_low_point": false,
    "drain_distance_m": 176,
    "drain_capacity_mm_hr": 27,
    "history_score": 0.25,
    "water_distance_m": 419
   }
  },
  {
   "type": "Feature",
   "geometry": {
    "type": "LineString",
    "coordinates": [
     [
      77.647088,
      12.918412
     ],
     [
      77.646689,
      12.918436
     ]
    ]
   },
   "properties": {
    "segment_id": "R-072",
    "name": "9th Cross Road",
    "kind": "residential",
    "highway": "residential",
    "oneway": false,
    "from_node": "266310437",
    "to_node": "266310471",
    "length_m": 43,
    "elevation_m": 893.0,
    "is_low_point": false,
    "drain_distance_m": 195,
    "drain_capacity_mm_hr": 29,
    "history_score": 0.42,
    "water_distance_m": 370
   }
  },
  {
   "type": "Feature",
   "geometry": {
    "type": "LineString",
    "coordinates": [
     [
      77.647088,
      12.918412
     ],
     [
      77.647127,
      12.91723
     ]
    ]
   },
   "properties": {
    "segment_id": "R-073",
    "name": "22nd Main Road",
    "kind": "residential",
    "highway": "residential",
    "oneway": false,
    "from_node": "266310437",
    "to_node": "266310441",
    "length_m": 132,
    "elevation_m": 892.0,
    "is_low_point": false,
    "drain_distance_m": 169,
    "drain_capacity_mm_hr": 31,
    "history_score": 0.29,
    "water_distance_m": 307
   }
  },
  {
   "type": "Feature",
   "geometry": {
    "type": "LineString",
    "coordinates": [
     [
      77.647127,
      12.91723
     ],
     [
      77.646995,
      12.917226
     ]
    ]
   },
   "properties": {
    "segment_id": "R-074",
    "name": "11th Cross Road",
    "kind": "residential",
    "highway": "residential",
    "oneway": false,
    "from_node": "266310441",
    "to_node": "306620828",
    "length_m": 14,
    "elevation_m": 890.5,
    "is_low_point": false,
    "drain_distance_m": 197,
    "drain_capacity_mm_hr": 28,
    "history_score": 0.42,
    "water_distance_m": 242
   }
  },
  {
   "type": "Feature",
   "geometry": {
    "type": "LineString",
    "coordinates": [
     [
      77.647127,
      12.91723
     ],
     [
      77.64772,
      12.917248
     ]
    ]
   },
   "properties": {
    "segment_id": "R-075",
    "name": "11th Cross Road",
    "kind": "residential",
    "highway": "residential",
    "oneway": false,
    "from_node": "266310441",
    "to_node": "306620318",
    "length_m": 64,
    "elevation_m": 890.0,
    "is_low_point": false,
    "drain_distance_m": 172,
    "drain_capacity_mm_hr": 31,
    "history_score": 0.33,
    "water_distance_m": 255
   }
  },
  {
   "type": "Feature",
   "geometry": {
    "type": "LineString",
    "coordinates": [
     [
      77.647127,
      12.91723
     ],
     [
      77.647168,
      12.916799
     ]
    ]
   },
   "properties": {
    "segment_id": "R-076",
    "name": "22nd Main Road",
    "kind": "residential",
    "highway": "residential",
    "oneway": false,
    "from_node": "266310441",
    "to_node": "306620866",
    "length_m": 48,
    "elevation_m": 889.0,
    "is_low_point": false,
    "drain_distance_m": 145,
    "drain_capacity_mm_hr": 31,
    "history_score": 0.52,
    "water_distance_m": 221
   }
  },
  {
   "type": "Feature",
   "geometry": {
    "type": "LineString",
    "coordinates": [
     [
      77.647697,
      12.918682
     ],
     [
      77.648065,
      12.918671
     ]
    ]
   },
   "properties": {
    "segment_id": "R-077",
    "name": "9th Cross Road",
    "kind": "residential",
    "highway": "residential",
    "oneway": false,
    "from_node": "266310445",
    "to_node": "266318286",
    "length_m": 40,
    "elevation_m": 894.0,
    "is_low_point": false,
    "drain_distance_m": 196,
    "drain_capacity_mm_hr": 26,
    "history_score": 0.2,
    "water_distance_m": 421
   }
  },
  {
   "type": "Feature",
   "geometry": {
    "type": "LineString",
    "coordinates": [
     [
      77.647697,
      12.918682
     ],
     [
      77.647359,
      12.918734
     ]
    ]
   },
   "properties": {
    "segment_id": "R-078",
    "name": "9th Cross Road",
    "kind": "residential",
    "highway": "residential",
    "oneway": false,
    "from_node": "266310445",
    "to_node": "7432244872",
    "length_m": 37,
    "elevation_m": 895.0,
    "is_low_point": false,
    "drain_distance_m": 155,
    "drain_capacity_mm_hr": 26,
    "history_score": 0.3,
    "water_distance_m": 413
   }
  },
  {
   "type": "Feature",
   "geometry": {
    "type": "LineString",
    "coordinates": [
     [
      77.647697,
      12.918682
     ],
     [
      77.647702,
      12.91796
     ],
     [
      77.64772,
      12.917248
     ]
    ]
   },
   "properties": {
    "segment_id": "R-079",
    "name": "22nd A Main Road",
    "kind": "residential",
    "highway": "residential",
    "oneway": false,
    "from_node": "266310445",
    "to_node": "306620318",
    "length_m": 160,
    "elevation_m": 892.0,
    "is_low_point": false,
    "drain_distance_m": 103,
    "drain_capacity_mm_hr": 27,
    "history_score": 0.42,
    "water_distance_m": 341
   }
  },
  {
   "type": "Feature",
   "geometry": {
    "type": "LineString",
    "coordinates": [
     [
      77.646689,
      12.918436
     ],
     [
      77.646349,
      12.918456
     ]
    ]
   },
   "properties": {
    "segment_id": "R-080",
    "name": "9th Cross Road",
    "kind": "residential",
    "highway": "residential",
    "oneway": false,
    "from_node": "266310471",
    "to_node": "266318343",
    "length_m": 37,
    "elevation_m": 892.5,
    "is_low_point": false,
    "drain_distance_m": 155,
    "drain_capacity_mm_hr": 27,
    "history_score": 0.35,
    "water_distance_m": 371
   }
  },
  {
   "type": "Feature",
   "geometry": {
    "type": "LineString",
    "coordinates": [
     [
      77.646689,
      12.918436
     ],
     [
      77.646621,
      12.917214
     ]
    ]
   },
   "properties": {
    "segment_id": "R-081",
    "name": "21B Main",
    "kind": "residential",
    "highway": "residential",
    "oneway": false,
    "from_node": "266310471",
    "to_node": "306620825",
    "length_m": 136,
    "elevation_m": 893.0,
    "is_low_point": false,
    "drain_distance_m": 154,
    "drain_capacity_mm_hr": 29,
    "history_score": 0.34,
    "water_distance_m": 303
   }
  },
  {
   "type": "Feature",
   "geometry": {
    "type": "LineString",
    "coordinates": [
     [
      77.649752,
      12.917283
     ],
     [
      77.649789,
      12.918333
     ]
    ]
   },
   "properties": {
    "segment_id": "R-082",
    "name": "25th Main Road",
    "kind": "residential",
    "highway": "residential",
    "oneway": false,
    "from_node": "266313958",
    "to_node": "266313980",
    "length_m": 117,
    "elevation_m": 894.0,
    "is_low_point": false,
    "drain_distance_m": 112,
    "drain_capacity_mm_hr": 35,
    "history_score": 0.33,
    "water_distance_m": 384
   }
  },
  {
   "type": "Feature",
   "geometry": {
    "type": "LineString",
    "coordinates": [
     [
      77.649752,
      12.917283
     ],
     [
      77.649728,
      12.91698
     ]
    ]
   },
   "properties": {
    "segment_id": "R-083",
    "name": "25th Main Road",
    "kind": "residential",
    "highway": "residential",
    "oneway": false,
    "from_node": "266313958",
    "to_node": "266313984",
    "length_m": 34,
    "elevation_m": 894.0,
    "is_low_point": false,
    "drain_distance_m": 134,
    "drain_capacity_mm_hr": 27,
    "history_score": 0.35,
    "water_distance_m": 309
   }
  },
  {
   "type": "Feature",
   "geometry": {
    "type": "LineString",
    "coordinates": [
     [
      77.649752,
      12.917283
     ],
     [
      77.650068,
      12.917287
     ]
    ]
   },
   "properties": {
    "segment_id": "R-084",
    "name": "11th Cross Road",
    "kind": "residential",
    "highway": "residential",
    "oneway": false,
    "from_node": "266313958",
    "to_node": "5292300571",
    "length_m": 34,
    "elevation_m": 895.0,
    "is_low_point": false,
    "drain_distance_m": 125,
    "drain_capacity_mm_hr": 28,
    "history_score": 0.34,
    "water_distance_m": 328
   }
  },
  {
   "type": "Feature",
   "geometry": {
    "type": "LineString",
    "coordinates": [
     [
      77.651219,
      12.917318
     ],
     [
      77.651221,
      12.917017
     ]
    ]
   },
   "properties": {
    "segment_id": "R-085",
    "name": "26th Main Road",
    "kind": "residential",
    "highway": "residential",
    "oneway": false,
    "from_node": "266313967",
    "to_node": "306616045",
    "length_m": 33,
    "elevation_m": 899.0,
    "is_low_point": false,
    "drain_distance_m": 140,
    "drain_capacity_mm_hr": 25,
    "history_score": 0.31,
    "water_distance_m": 291
   }
  },
  {
   "type": "Feature",
   "geometry": {
    "type": "LineString",
    "coordinates": [
     [
      77.651219,
      12.917318
     ],
     [
      77.651195,
      12.917317
     ]
    ]
   },
   "properties": {
    "segment_id": "R-086",
    "name": "11th Cross Road",
    "kind": "residential",
    "highway": "residential",
    "oneway": false,
    "from_node": "266313967",
    "to_node": "11245714088",
    "length_m": 3,
    "elevation_m": 899.0,
    "is_low_point": false,
    "drain_distance_m": 98,
    "drain_capacity_mm_hr": 36,
    "history_score": 0.16,
    "water_distance_m": 286
   }
  },
  {
   "type": "Feature",
   "geometry": {
    "type": "LineString",
    "coordinates": [
     [
      77.651219,
      12.917318
     ],
     [
      77.651629,
      12.917332
     ],
     [
      77.651712,
      12.917336
     ]
    ]
   },
   "properties": {
    "segment_id": "R-087",
    "name": "11th Cross Road",
    "kind": "residential",
    "highway": "residential",
    "oneway": false,
    "from_node": "266313967",
    "to_node": "266313975",
    "length_m": 54,
    "elevation_m": 897.5,
    "is_low_point": false,
    "drain_distance_m": 193,
    "drain_capacity_mm_hr": 27,
    "history_score": 0.33,
    "water_distance_m": 260
   }
  },
  {
   "type": "Feature",
   "geometry": {
    "type": "LineString",
    "coordinates": [
     [
      77.651712,
      12.917336
     ],
     [
      77.651687,
      12.918054
     ]
    ]
   },
   "properties": {
    "segment_id": "R-088",
    "name": "27th Main Road",
    "kind": "arterial",
    "highway": "secondary",
    "oneway": false,
    "from_node": "266313975",
    "to_node": "306622080",
    "length_m": 80,
    "elevation_m": 893.5,
    "is_low_point": false,
    "drain_distance_m": 96,
    "drain_capacity_mm_hr": 47,
    "history_score": 0.28,
    "water_distance_m": 223
   }
  },
  {
   "type": "Feature",
   "geometry": {
    "type": "LineString",
    "coordinates": [
     [
      77.651712,
      12.917336
     ],
     [
      77.651737,
      12.916397
     ],
     [
      77.651738,
      12.916345
     ]
    ]
   },
   "properties": {
    "segment_id": "R-089",
    "name": "27th Main Road",
    "kind": "arterial",
    "highway": "secondary",
    "oneway": false,
    "from_node": "266313975",
    "to_node": "306616029",
    "length_m": 110,
    "elevation_m": 897.0,
    "is_low_point": false,
    "drain_distance_m": 119,
    "drain_capacity_mm_hr": 46,
    "history_score": 0.29,
    "water_distance_m": 260
   }
  },
  {
   "type": "Feature",
   "geometry": {
    "type": "LineString",
    "coordinates": [
     [
      77.649789,
      12.918333
     ],
     [
      77.649803,
      12.918655
     ]
    ]
   },
   "properties": {
    "segment_id": "R-090",
    "name": "25th Main Road",
    "kind": "residential",
    "highway": "residential",
    "oneway": false,
    "from_node": "266313980",
    "to_node": "266318559",
    "length_m": 36,
    "elevation_m": 893.0,
    "is_low_point": false,
    "drain_distance_m": 162,
    "drain_capacity_mm_hr": 36,
    "history_score": 0.21,
    "water_distance_m": 412
   }
  },
  {
   "type": "Feature",
   "geometry": {
    "type": "LineString",
    "coordinates": [
     [
      77.649789,
      12.918333
     ],
     [
      77.650087,
      12.918333
     ]
    ]
   },
   "properties": {
    "segment_id": "R-091",
    "name": "9th A Cross Road",
    "kind": "residential",
    "highway": "residential",
    "oneway": false,
    "from_node": "266313980",
    "to_node": "10094504111",
    "length_m": 32,
    "elevation_m": 894.5,
    "is_low_point": false,
    "drain_distance_m": 123,
    "drain_capacity_mm_hr": 34,
    "history_score": 0.31,
    "water_distance_m": 399
   }
  },
  {
   "type": "Feature",
   "geometry": {
    "type": "LineString",
    "coordinates": [
     [
      77.649728,
      12.91698
     ],
     [
      77.649677,
      12.916635
     ]
    ]
   },
   "properties": {
    "segment_id": "R-092",
    "name": "25th Main Road",
    "kind": "residential",
    "highway": "residential",
    "oneway": false,
    "from_node": "266313984",
    "to_node": "266318628",
    "length_m": 39,
    "elevation_m": 894.5,
    "is_low_point": false,
    "drain_distance_m": 105,
    "drain_capacity_mm_hr": 35,
    "history_score": 0.24,
    "water_distance_m": 273
   }
  },
  {
   "type": "Feature",
   "geometry": {
    "type": "LineString",
    "coordinates": [
     [
      77.649728,
      12.91698
     ],
     [
      77.651221,
      12.917017
     ]
    ]
   },
   "properties": {
    "segment_id": "R-093",
    "name": "11A Cross Road",
    "kind": "residential",
    "highway": "residential",
    "oneway": false,
    "from_node": "266313984",
    "to_node": "306616045",
    "length_m": 162,
    "elevation_m": 896.5,
    "is_low_point": false,
    "drain_distance_m": 151,
    "drain_capacity_mm_hr": 25,
    "history_score": 0.21,
    "water_distance_m": 313
   }
  },
  {
   "type": "Feature",
   "geometry": {
    "type": "LineString",
    "coordinates": [
     [
      77.650089,
      12.918007
     ],
     [
      77.650068,
      12.917287
     ]
    ]
   },
   "properties": {
    "segment_id": "R-094",
    "name": "25 A Main",
    "kind": "residential",
    "highway": "residential",
    "oneway": false,
    "from_node": "266313990",
    "to_node": "5292300571",
    "length_m": 80,
    "elevation_m": 895.5,
    "is_low_point": false,
    "drain_distance_m": 169,
    "drain_capacity_mm_hr": 31,
    "history_score": 0.2,
    "water_distance_m": 371
   }
  },
  {
   "type": "Feature",
   "geometry": {
    "type": "LineString",
    "coordinates": [
     [
      77.650089,
      12.918007
     ],
     [
      77.65118,
      12.918033
     ]
    ]
   },
   "properties": {
    "segment_id": "R-095",
    "name": "10th Cross Road",
    "kind": "residential",
    "highway": "residential",
    "oneway": false,
    "from_node": "266313990",
    "to_node": "266314020",
    "length_m": 118,
    "elevation_m": 895.0,
    "is_low_point": false,
    "drain_distance_m": 119,
    "drain_capacity_mm_hr": 32,
    "history_score": 0.28,
    "water_distance_m": 329
   }
  },
  {
   "type": "Feature",
   "geometry": {
    "type": "LineString",
    "coordinates": [
     [
      77.650089,
      12.918007
     ],
     [
      77.650087,
      12.918333
     ]
    ]
   },
   "properties": {
    "segment_id": "R-096",
    "name": "Unnamed road",
    "kind": "residential",
    "highway": "residential",
    "oneway": false,
    "from_node": "266313990",
    "to_node": "10094504111",
    "length_m": 36,
    "elevation_m": 895.0,
    "is_low_point": false,
    "drain_distance_m": 183,
    "drain_capacity_mm_hr": 35,
    "history_score": 0.19,
    "water_distance_m": 385
   }
  },
  {
   "type": "Feature",
   "geometry": {
    "type": "LineString",
    "coordinates": [
     [
      77.65118,
      12.918033
     ],
     [
      77.651179,
      12.918358
     ]
    ]
   },
   "properties": {
    "segment_id": "R-097",
    "name": "26th Main Road",
    "kind": "residential",
    "highway": "residential",
    "oneway": false,
    "from_node": "266314020",
    "to_node": "266314026",
    "length_m": 36,
    "elevation_m": 894.0,
    "is_low_point": false,
    "drain_distance_m": 120,
    "drain_capacity_mm_hr": 29,
    "history_score": 0.23,
    "water_distance_m": 268
   }
  },
  {
   "type": "Feature",
   "geometry": {
    "type": "LineString",
    "coordinates": [
     [
      77.65118,
      12.918033
     ],
     [
      77.651195,
      12.917317
     ]
    ]
   },
   "properties": {
    "segment_id": "R-098",
    "name": "26th Main Road",
    "kind": "residential",
    "highway": "residential",
    "oneway": false,
    "from_node": "266314020",
    "to_node": "11245714088",
    "length_m": 80,
    "elevation_m": 897.0,
    "is_low_point": false,
    "drain_distance_m": 160,
    "drain_capacity_mm_hr": 33,
    "history_score": 0.21,
    "water_distance_m": 278
   }
  },
  {
   "type": "Feature",
   "geometry": {
    "type": "LineString",
    "coordinates": [
     [
      77.651179,
      12.918358
     ],
     [
      77.651174,
      12.918662
     ]
    ]
   },
   "properties": {
    "segment_id": "R-099",
    "name": "26th Main Road",
    "kind": "residential",
    "highway": "residential",
    "oneway": false,
    "from_node": "266314026",
    "to_node": "266314031",
    "length_m": 34,
    "elevation_m": 892.0,
    "is_low_point": false,
    "drain_distance_m": 151,
    "drain_capacity_mm_hr": 33,
    "history_score": 0.36,
    "water_distance_m": 263
   }
  },
  {
   "type": "Feature",
   "geometry": {
    "type": "LineString",
    "coordinates": [
     [
      77.651179,
      12.918358
     ],
     [
      77.650416,
      12.918333
     ],
     [
      77.650087,
      12.918333
     ]
    ]
   },
   "properties": {
    "segment_id": "R-100",
    "name": "9th A Cross Road",
    "kind": "residential",
    "highway": "residential",
    "oneway": false,
    "from_node": "266314026",
    "to_node": "10094504111",
    "length_m": 118,
    "elevation_m": 894.0,
    "is_low_point": false,
    "drain_distance_m": 98,
    "drain_capacity_mm_hr": 24,
    "history_score": 0.39,
    "water_distance_m": 324
   }
  },
  {
   "type": "Feature",
   "geometry": {
    "type": "LineString",
    "coordinates": [
     [
      77.651174,
      12.918662
     ],
     [
      77.651167,
      12.919016
     ]
    ]
   },
   "properties": {
    "segment_id": "R-101",
    "name": "26th Main Road",
    "kind": "residential",
    "highway": "residential",
    "oneway": false,
    "from_node": "266314031",
    "to_node": "266314035",
    "length_m": 39,
    "elevation_m": 890.5,
    "is_low_point": false,
    "drain_distance_m": 150,
    "drain_capacity_mm_hr": 35,
    "history_score": 0.47,
    "water_distance_m": 259
   }
  },
  {
   "type": "Feature",
   "geometry": {
    "type": "LineString",
    "coordinates": [
     [
      77.651174,
      12.918662
     ],
     [
      77.650433,
      12.918673
     ],
     [
      77.649803,
      12.918655
     ]
    ]
   },
   "properties": {
    "segment_id": "R-102",
    "name": "9th Cross Road",
    "kind": "residential",
    "highway": "residential",
    "oneway": false,
    "from_node": "266314031",
    "to_node": "266318559",
    "length_m": 149,
    "elevation_m": 891.5,
    "is_low_point": false,
    "drain_distance_m": 106,
    "drain_capacity_mm_hr": 31,
    "history_score": 0.28,
    "water_distance_m": 335
   }
  },
  {
   "type": "Feature",
   "geometry": {
    "type": "LineString",
    "coordinates": [
     [
      77.651167,
      12.919016
     ],
     [
      77.651575,
      12.919027
     ],
     [
      77.651652,
      12.919028
     ]
    ]
   },
   "properties": {
    "segment_id": "R-103",
    "name": "8th Cross Road",
    "kind": "residential",
    "highway": "residential",
    "oneway": false,
    "from_node": "266314035",
    "to_node": "266318996",
    "length_m": 53,
    "elevation_m": 890.5,
    "is_low_point": false,
    "drain_distance_m": 189,
    "drain_capacity_mm_hr": 28,
    "history_score": 0.47,
    "water_distance_m": 232
   }
  },
  {
   "type": "Feature",
   "geometry": {
    "type": "LineString",
    "coordinates": [
     [
      77.652154,
      12.919671
     ],
     [
      77.654116,
      12.91977
     ]
    ]
   },
   "properties": {
    "segment_id": "R-104",
    "name": "7th Cross Road",
    "kind": "lakeside",
    "highway": "residential",
    "oneway": false,
    "from_node": "266316218",
    "to_node": "306622275",
    "length_m": 213,
    "elevation_m": 889.5,
    "is_low_point": false,
    "drain_distance_m": 290,
    "drain_capacity_mm_hr": 27,
    "history_score": 0.43,
    "water_distance_m": 42
   }
  },
  {
   "type": "Feature",
   "geometry": {
    "type": "LineString",
    "coordinates": [
     [
      77.652154,
      12.919671
     ],
     [
      77.652168,
      12.919236
     ]
    ]
   },
   "properties": {
    "segment_id": "R-105",
    "name": "28th Main Road",
    "kind": "lakeside",
    "highway": "residential",
    "oneway": false,
    "from_node": "266316218",
    "to_node": "306622887",
    "length_m": 48,
    "elevation_m": 889.5,
    "is_low_point": false,
    "drain_distance_m": 210,
    "drain_capacity_mm_hr": 23,
    "history_score": 0.51,
    "water_distance_m": 148
   }
  },
  {
   "type": "Feature",
   "geometry": {
    "type": "LineString",
    "coordinates": [
     [
      77.652154,
      12.919671
     ],
     [
      77.652143,
      12.920057
     ]
    ]
   },
   "properties": {
    "segment_id": "R-106",
    "name": "28th Main Road",
    "kind": "lakeside",
    "highway": "residential",
    "oneway": false,
    "from_node": "266316218",
    "to_node": "306622206",
    "length_m": 43,
    "elevation_m": 889.0,
    "is_low_point": false,
    "drain_distance_m": 241,
    "drain_capacity_mm_hr": 27,
    "history_score": 0.49,
    "water_distance_m": 150
   }
  },
  {
   "type": "Feature",
   "geometry": {
    "type": "LineString",
    "coordinates": [
     [
      77.652154,
      12.919671
     ],
     [
      77.651727,
      12.919662
     ],
     [
      77.651633,
      12.919694
     ]
    ]
   },
   "properties": {
    "segment_id": "R-107",
    "name": "7th Cross Road",
    "kind": "residential",
    "highway": "residential",
    "oneway": false,
    "from_node": "266316218",
    "to_node": "2406084993",
    "length_m": 57,
    "elevation_m": 889.5,
    "is_low_point": false,
    "drain_distance_m": 192,
    "drain_capacity_mm_hr": 26,
    "history_score": 0.52,
    "water_distance_m": 176
   }
  },
  {
   "type": "Feature",
   "geometry": {
    "type": "LineString",
    "coordinates": [
     [
      77.648065,
      12.918671
     ],
     [
      77.648402,
      12.918621
     ]
    ]
   },
   "properties": {
    "segment_id": "R-108",
    "name": "9th Cross Road",
    "kind": "residential",
    "highway": "residential",
    "oneway": false,
    "from_node": "266318286",
    "to_node": "266318287",
    "length_m": 37,
    "elevation_m": 893.5,
    "is_low_point": false,
    "drain_distance_m": 179,
    "drain_capacity_mm_hr": 36,
    "history_score": 0.36,
    "water_distance_m": 432
   }
  },
  {
   "type": "Feature",
   "geometry": {
    "type": "LineString",
    "coordinates": [
     [
      77.648065,
      12.918671
     ],
     [
      77.648065,
      12.917258
     ]
    ]
   },
   "properties": {
    "segment_id": "R-109",
    "name": "22nd B Main Road",
    "kind": "residential",
    "highway": "residential",
    "oneway": false,
    "from_node": "266318286",
    "to_node": "306620373",
    "length_m": 157,
    "elevation_m": 893.0,
    "is_low_point": false,
    "drain_distance_m": 171,
    "drain_capacity_mm_hr": 24,
    "history_score": 0.29,
    "water_distance_m": 356
   }
  },
  {
   "type": "Feature",
   "geometry": {
    "type": "LineString",
    "coordinates": [
     [
      77.648402,
      12.918621
     ],
     [
      77.648767,
      12.918561
     ]
    ]
   },
   "properties": {
    "segment_id": "R-110",
    "name": "9th Cross Road",
    "kind": "residential",
    "highway": "residential",
    "oneway": false,
    "from_node": "266318287",
    "to_node": "266318288",
    "length_m": 40,
    "elevation_m": 893.0,
    "is_low_point": false,
    "drain_distance_m": 178,
    "drain_capacity_mm_hr": 35,
    "history_score": 0.37,
    "water_distance_m": 444
   }
  },
  {
   "type": "Feature",
   "geometry": {
    "type": "LineString",
    "coordinates": [
     [
      77.648402,
      12.918621
     ],
     [
      77.648396,
      12.917268
     ]
    ]
   },
   "properties": {
    "segment_id": "R-111",
    "name": "22C Main Road",
    "kind": "residential",
    "highway": "residential",
    "oneway": false,
    "from_node": "266318287",
    "to_node": "306620508",
    "length_m": 150,
    "elevation_m": 893.0,
    "is_low_point": false,
    "drain_distance_m": 119,
    "drain_capacity_mm_hr": 34,
    "history_score": 0.37,
    "water_distance_m": 372
   }
  },
  {
   "type": "Feature",
   "geometry": {
    "type": "LineString",
    "coordinates": [
     [
      77.648767,
      12.918561
     ],
     [
      77.649074,
      12.918524
     ]
    ]
   },
   "properties": {
    "segment_id": "R-112",
    "name": "Unnamed road",
    "kind": "residential",
    "highway": "residential",
    "oneway": false,
    "from_node": "266318288",
    "to_node": "9696939532",
    "length_m": 34,
    "elevation_m": 893.0,
    "is_low_point": false,
    "drain_distance_m": 186,
    "drain_capacity_mm_hr": 25,
    "history_score": 0.36,
    "water_distance_m": 456
   }
  },
  {
   "type": "Feature",
   "geometry": {
    "type": "LineString",
    "coordinates": [
     [
      77.646349,
      12.918456
     ],
     [
      77.64599,
      12.918477
     ]
    ]
   },
   "properties": {
    "segment_id": "R-113",
    "name": "9th Cross Road",
    "kind": "residential",
    "highway": "residential",
    "oneway": false,
    "from_node": "266318343",
    "to_node": "266318344",
    "length_m": 39,
    "elevation_m": 893.5,
    "is_low_point": false,
    "drain_distance_m": 180,
    "drain_capacity_mm_hr": 27,
    "history_score": 0.3,
    "water_distance_m": 374
   }
  },
  {
   "type": "Feature",
   "geometry": {
    "type": "LineString",
    "coordinates": [
     [
      77.646349,
      12.918456
     ],
     [
      77.646278,
      12.917204
     ]
    ]
   },
   "properties": {
    "segment_id": "R-114",
    "name": "21A Main",
    "kind": "residential",
    "highway": "residential",
    "oneway": false,
    "from_node": "266318343",
    "to_node": "306620803",
    "length_m": 139,
    "elevation_m": 894.0,
    "is_low_point": false,
    "drain_distance_m": 177,
    "drain_capacity_mm_hr": 28,
    "history_score": 0.26,
    "water_distance_m": 303
   }
  },
  {
   "type": "Feature",
   "geometry": {
    "type": "LineString",
    "coordinates": [
     [
      77.64599,
      12.918477
     ],
     [
      77.645528,
      12.918505
     ]
    ]
   },
   "properties": {
    "segment_id": "R-115",
    "name": "9th Cross Road",
    "kind": "residential",
    "highway": "residential",
    "oneway": false,
    "from_node": "266318344",
    "to_node": "266318345",
    "length_m": 50,
    "elevation_m": 893.0,
    "is_low_point": false,
    "drain_distance_m": 111,
    "drain_capacity_mm_hr": 24,
    "history_score": 0.28,
    "water_distance_m": 371
   }
  },
  {
   "type": "Feature",
   "geometry": {
    "type": "LineString",
    "coordinates": [
     [
      77.64599,
      12.918477
     ],
     [
      77.645947,
      12.917194
     ]
    ]
   },
   "properties": {
    "segment_id": "R-116",
    "name": "21st Main Road",
    "kind": "residential",
    "highway": "residential",
    "oneway": false,
    "from_node": "266318344",
    "to_node": "306620799",
    "length_m": 143,
    "elevation_m": 893.5,
    "is_low_point": false,
    "drain_distance_m": 196,
    "drain_capacity_mm_hr": 34,
    "history_score": 0.28,
    "water_distance_m": 304
   }
  },
  {
   "type": "Feature",
   "geometry": {
    "type": "LineString",
    "coordinates": [
     [
      77.645528,
      12.918505
     ],
     [
      77.645478,
      12.917175
     ]
    ]
   },
   "properties": {
    "segment_id": "R-117",
    "name": "20th Main Road",
    "kind": "residential",
    "highway": "residential",
    "oneway": false,
    "from_node": "266318345",
    "to_node": "306620763",
    "length_m": 148,
    "elevation_m": 891.0,
    "is_low_point": false,
    "drain_distance_m": 134,
    "drain_capacity_mm_hr": 32,
    "history_score": 0.48,
    "water_distance_m": 302
   }
  },
  {
   "type": "Feature",
   "geometry": {
    "type": "LineString",
    "coordinates": [
     [
      77.645528,
      12.918505
     ],
     [
      77.645541,
      12.918966
     ]
    ]
   },
   "properties": {
    "segment_id": "R-118",
    "name": "20th Main Road",
    "kind": "residential",
    "highway": "residential",
    "oneway": false,
    "from_node": "266318345",
    "to_node": "3298857093",
    "length_m": 51,
    "elevation_m": 891.5,
    "is_low_point": false,
    "drain_distance_m": 193,
    "drain_capacity_mm_hr": 30,
    "history_score": 0.28,
    "water_distance_m": 335
   }
  },
  {
   "type": "Feature",
   "geometry": {
    "type": "LineString",
    "coordinates": [
     [
      77.649677,
      12.916635
     ],
     [
      77.65123,
      12.916664
     ]
    ]
   },
   "properties": {
    "segment_id": "R-119",
    "name": "11B Cross",
    "kind": "residential",
    "highway": "residential",
    "oneway": false,
    "from_node": "266318628",
    "to_node": "306616092",
    "length_m": 168,
    "elevation_m": 897.0,
    "is_low_point": false,
    "drain_distance_m": 110,
    "drain_capacity_mm_hr": 36,
    "history_score": 0.35,
    "water_distance_m": 276
   }
  },
  {
   "type": "Feature",
   "geometry": {
    "type": "LineString",
    "coordinates": [
     [
      77.64799,
      12.91908
     ],
     [
      77.647999,
      12.919392
     ]
    ]
   },
   "properties": {
    "segment_id": "R-120",
    "name": "8th Cross Road",
    "kind": "residential",
    "highway": "residential",
    "oneway": false,
    "from_node": "266318994",
    "to_node": "2406084995",
    "length_m": 35,
    "elevation_m": 892.0,
    "is_low_point": false,
    "drain_distance_m": 102,
    "drain_capacity_mm_hr": 27,
    "history_score": 0.29,
    "water_distance_m": 484
   }
  },
  {
   "type": "Feature",
   "geometry": {
    "type": "LineString",
    "coordinates": [
     [
      77.64799,
      12.91908
     ],
     [
      77.647969,
      12.918917
     ]
    ]
   },
   "properties": {
    "segment_id": "R-121",
    "name": "Unnamed road",
    "kind": "residential",
    "highway": "residential",
    "oneway": false,
    "from_node": "266318994",
    "to_node": "10094504107",
    "length_m": 18,
    "elevation_m": 892.5,
    "is_low_point": false,
    "drain_distance_m": 125,
    "drain_capacity_mm_hr": 33,
    "history_score": 0.32,
    "water_distance_m": 458
   }
  },
  {
   "type": "Feature",
   "geometry": {
    "type": "LineString",
    "coordinates": [
     [
      77.651652,
      12.919028
     ],
     [
      77.651642,
      12.919374
     ]
    ]
   },
   "properties": {
    "segment_id": "R-122",
    "name": "27th Main Road",
    "kind": "arterial",
    "highway": "secondary",
    "oneway": false,
    "from_node": "266318996",
    "to_node": "10094504110",
    "length_m": 38,
    "elevation_m": 891.0,
    "is_low_point": false,
    "drain_distance_m": 97,
    "drain_capacity_mm_hr": 43,
    "history_score": 0.42,
    "water_distance_m": 205
   }
  },
  {
   "type": "Feature",
   "geometry": {
    "type": "LineString",
    "coordinates": [
     [
      77.651652,
      12.919028
     ],
     [
      77.651655,
      12.918923
     ],
     [
      77.651687,
      12.918054
     ]
    ]
   },
   "properties": {
    "segment_id": "R-123",
    "name": "27th Main Road",
    "kind": "arterial",
    "highway": "secondary",
    "oneway": false,
    "from_node": "266318996",
    "to_node": "306622080",
    "length_m": 108,
    "elevation_m": 891.0,
    "is_low_point": false,
    "drain_distance_m": 120,
    "drain_capacity_mm_hr": 41,
    "history_score": 0.31,
    "water_distance_m": 210
   }
  },
  {
   "type": "Feature",
   "geometry": {
    "type": "LineString",
    "coordinates": [
     [
      77.665992,
      12.921146
     ],
     [
      77.666262,
      12.921274
     ]
    ]
   },
   "properties": {
    "segment_id": "R-124",
    "name": "Outer Ring Road",
    "kind": "lakeside",
    "highway": "trunk",
    "oneway": true,
    "from_node": "266371138",
    "to_node": "1644166489",
    "length_m": 32,
    "elevation_m": 886.0,
    "is_low_point": false,
    "drain_distance_m": 254,
    "drain_capacity_mm_hr": 28,
    "history_score": 0.61,
    "water_distance_m": 31
   }
  },
  {
   "type": "Feature",
   "geometry": {
    "type": "LineString",
    "coordinates": [
     [
      77.664454,
      12.926038
     ],
     [
      77.664878,
      12.926024
     ],
     [
      77.664983,
      12.926022
     ],
     [
      77.665328,
      12.926014
     ],
     [
      77.665356,
      12.926013
     ],
     [
      77.665414,
      12.926012
     ]
    ]
   },
   "properties": {
    "segment_id": "R-125",
    "name": "Unnamed road",
    "kind": "lakeside",
    "highway": "residential",
    "oneway": false,
    "from_node": "302499382",
    "to_node": "11835357826",
    "length_m": 104,
    "elevation_m": 876.0,
    "is_low_point": false,
    "drain_distance_m": 267,
    "drain_capacity_mm_hr": 26,
    "history_score": 0.73,
    "water_distance_m": 99
   }
  },
  {
   "type": "Feature",
   "geometry": {
    "type": "LineString",
    "coordinates": [
     [
      77.664454,
      12.926038
     ],
     [
      77.664452,
      12.926408
     ],
     [
      77.664485,
      12.926777
     ],
     [
      77.664548,
      12.926822
     ],
     [
      77.664904,
      12.926855
     ],
     [
      77.665186,
      12.926884
     ]
    ]
   },
   "properties": {
    "segment_id": "R-126",
    "name": "Unnamed road",
    "kind": "lakeside",
    "highway": "residential",
    "oneway": false,
    "from_node": "302499382",
    "to_node": "7263316318",
    "length_m": 160,
    "elevation_m": 876.0,
    "is_low_point": false,
    "drain_distance_m": 266,
    "drain_capacity_mm_hr": 22,
    "history_score": 0.74,
    "water_distance_m": 50
   }
  },
  {
   "type": "Feature",
   "geometry": {
    "type": "LineString",
    "coordinates": [
     [
      77.665284,
      12.927028
     ],
     [
      77.665222,
      12.927018
     ],
     [
      77.665096,
      12.927002
     ],
     [
      77.663978,
      12.926819
     ]
    ]
   },
   "properties": {
    "segment_id": "R-127",
    "name": "6th Main Road",
    "kind": "lakeside",
    "highway": "residential",
    "oneway": false,
    "from_node": "302499540",
    "to_node": "6197379428",
    "length_m": 144,
    "elevation_m": 877.5,
    "is_low_point": false,
    "drain_distance_m": 285,
    "drain_capacity_mm_hr": 24,
    "history_score": 0.8,
    "water_distance_m": 4
   }
  },
  {
   "type": "Feature",
   "geometry": {
    "type": "LineString",
    "coordinates": [
     [
      77.665284,
      12.927028
     ],
     [
      77.665342,
      12.926923
     ],
     [
      77.66535,
      12.926899
     ],
     [
      77.665382,
      12.926719
     ],
     [
      77.665421,
      12.926505
     ],
     [
      77.665427,
      12.926444
     ],
     [
      77.665431,
      12.926398
     ],
     [
      77.665414,
      12.926012
     ]
    ]
   },
   "properties": {
    "segment_id": "R-128",
    "name": "6th Main Road",
    "kind": "lakeside",
    "highway": "tertiary",
    "oneway": false,
    "from_node": "302499540",
    "to_node": "11835357826",
    "length_m": 115,
    "elevation_m": 877.0,
    "is_low_point": false,
    "drain_distance_m": 231,
    "drain_capacity_mm_hr": 24,
    "history_score": 0.73,
    "water_distance_m": 52
   }
  },
  {
   "type": "Feature",
   "geometry": {
    "type": "LineString",
    "coordinates": [
     [
      77.665284,
      12.927028
     ],
     [
      77.665354,
      12.927041
     ],
     [
      77.665414,
      12.927049
     ]
    ]
   },
   "properties": {
    "segment_id": "R-129",
    "name": "6th Main Road",
    "kind": "lakeside",
    "highway": "residential",
    "oneway": false,
    "from_node": "302499540",
    "to_node": "5778474210",
    "length_m": 14,
    "elevation_m": 877.5,
    "is_low_point": false,
    "drain_distance_m": 230,
    "drain_capacity_mm_hr": 24,
    "history_score": 0.68,
    "water_distance_m": 16
   }
  },
  {
   "type": "Feature",
   "geometry": {
    "type": "LineString",
    "coordinates": [
     [
      77.651738,
      12.916345
     ],
     [
      77.651813,
      12.916347
     ],
     [
      77.651832,
      12.916348
     ],
     [
      77.652254,
      12.916356
     ]
    ]
   },
   "properties": {
    "segment_id": "R-130",
    "name": "12th Cross Road",
    "kind": "residential",
    "highway": "residential",
    "oneway": false,
    "from_node": "306616029",
    "to_node": "306622158",
    "length_m": 56,
    "elevation_m": 898.0,
    "is_low_point": false,
    "drain_distance_m": 193,
    "drain_capacity_mm_hr": 29,
    "history_score": 0.27,
    "water_distance_m": 274
   }
  },
  {
   "type": "Feature",
   "geometry": {
    "type": "LineString",
    "coordinates": [
     [
      77.651738,
      12.916345
     ],
     [
      77.651645,
      12.916345
     ],
     [
      77.651599,
      12.916344
     ],
     [
      77.651239,
      12.91634
     ]
    ]
   },
   "properties": {
    "segment_id": "R-131",
    "name": "12th Cross Road",
    "kind": "residential",
    "highway": "residential",
    "oneway": false,
    "from_node": "306616029",
    "to_node": "306616044",
    "length_m": 54,
    "elevation_m": 898.5,
    "is_low_point": false,
    "drain_distance_m": 158,
    "drain_capacity_mm_hr": 35,
    "history_score": 0.18,
    "water_distance_m": 311
   }
  },
  {
   "type": "Feature",
   "geometry": {
    "type": "LineString",
    "coordinates": [
     [
      77.653872,
      12.916385
     ],
     [
      77.653948,
      12.916724
     ]
    ]
   },
   "properties": {
    "segment_id": "R-132",
    "name": "31st Main Road",
    "kind": "residential",
    "highway": "residential",
    "oneway": false,
    "from_node": "306616031",
    "to_node": "1054699489",
    "length_m": 39,
    "elevation_m": 896.0,
    "is_low_point": false,
    "drain_distance_m": 90,
    "drain_capacity_mm_hr": 31,
    "history_score": 0.27,
    "water_distance_m": 182
   }
  },
  {
   "type": "Feature",
   "geometry": {
    "type": "LineString",
    "coordinates": [
     [
      77.653872,
      12.916385
     ],
     [
      77.652254,
      12.916356
     ]
    ]
   },
   "properties": {
    "segment_id": "R-133",
    "name": "12th Cross Road",
    "kind": "residential",
    "highway": "residential",
    "oneway": false,
    "from_node": "306616031",
    "to_node": "306622158",
    "length_m": 175,
    "elevation_m": 897.0,
    "is_low_point": false,
    "drain_distance_m": 154,
    "drain_capacity_mm_hr": 29,
    "history_score": 0.31,
    "water_distance_m": 212
   }
  },
  {
   "type": "Feature",
   "geometry": {
    "type": "LineString",
    "coordinates": [
     [
      77.651239,
      12.91634
     ],
     [
      77.65123,
      12.916664
     ]
    ]
   },
   "properties": {
    "segment_id": "R-134",
    "name": "26th Main Road",
    "kind": "residential",
    "highway": "residential",
    "oneway": false,
    "from_node": "306616044",
    "to_node": "306616092",
    "length_m": 36,
    "elevation_m": 899.0,
    "is_low_point": false,
    "drain_distance_m": 139,
    "drain_capacity_mm_hr": 30,
    "history_score": 0.15,
    "water_distance_m": 306
   }
  },
  {
   "type": "Feature",
   "geometry": {
    "type": "LineString",
    "coordinates": [
     [
      77.651221,
      12.917017
     ],
     [
      77.65123,
      12.916664
     ]
    ]
   },
   "properties": {
    "segment_id": "R-135",
    "name": "26th Main Road",
    "kind": "residential",
    "highway": "residential",
    "oneway": false,
    "from_node": "306616045",
    "to_node": "306616092",
    "length_m": 39,
    "elevation_m": 899.0,
    "is_low_point": false,
    "drain_distance_m": 189,
    "drain_capacity_mm_hr": 30,
    "history_score": 0.27,
    "water_distance_m": 306
   }
  },
  {
   "type": "Feature",
   "geometry": {
    "type": "LineString",
    "coordinates": [
     [
      77.64772,
      12.917248
     ],
     [
      77.648065,
      12.917258
     ]
    ]
   },
   "properties": {
    "segment_id": "R-136",
    "name": "11th Cross Road",
    "kind": "residential",
    "highway": "residential",
    "oneway": false,
    "from_node": "306620318",
    "to_node": "306620373",
    "length_m": 37,
    "elevation_m": 891.0,
    "is_low_point": false,
    "drain_distance_m": 99,
    "drain_capacity_mm_hr": 26,
    "history_score": 0.39,
    "water_distance_m": 278
   }
  },
  {
   "type": "Feature",
   "geometry": {
    "type": "LineString",
    "coordinates": [
     [
      77.648065,
      12.917258
     ],
     [
      77.648396,
      12.917268
     ]
    ]
   },
   "properties": {
    "segment_id": "R-137",
    "name": "11th Cross Road",
    "kind": "residential",
    "highway": "residential",
    "oneway": false,
    "from_node": "306620373",
    "to_node": "306620508",
    "length_m": 36,
    "elevation_m": 892.5,
    "is_low_point": false,
    "drain_distance_m": 127,
    "drain_capacity_mm_hr": 32,
    "history_score": 0.41,
    "water_distance_m": 299
   }
  },
  {
   "type": "Feature",
   "geometry": {
    "type": "LineString",
    "coordinates": [
     [
      77.645478,
      12.917175
     ],
     [
      77.645947,
      12.917194
     ]
    ]
   },
   "properties": {
    "segment_id": "R-138",
    "name": "11th Cross Road",
    "kind": "residential",
    "highway": "residential",
    "oneway": false,
    "from_node": "306620763",
    "to_node": "306620799",
    "length_m": 51,
    "elevation_m": 891.5,
    "is_low_point": false,
    "drain_distance_m": 164,
    "drain_capacity_mm_hr": 33,
    "history_score": 0.33,
    "water_distance_m": 232
   }
  },
  {
   "type": "Feature",
   "geometry": {
    "type": "LineString",
    "coordinates": [
     [
      77.645478,
      12.917175
     ],
     [
      77.644988,
      12.917177
     ],
     [
      77.644938,
      12.917177
     ],
     [
      77.644858,
      12.917178
     ]
    ]
   },
   "properties": {
    "segment_id": "R-139",
    "name": "11th Cross Road",
    "kind": "residential",
    "highway": "residential",
    "oneway": false,
    "from_node": "306620763",
    "to_node": "2414635984",
    "length_m": 67,
    "elevation_m": 888.5,
    "is_low_point": false,
    "drain_distance_m": 93,
    "drain_capacity_mm_hr": 26,
    "history_score": 0.4,
    "water_distance_m": 227
   }
  },
  {
   "type": "Feature",
   "geometry": {
    "type": "LineString",
    "coordinates": [
     [
      77.645947,
      12.917194
     ],
     [
      77.646278,
      12.917204
     ]
    ]
   },
   "properties": {
    "segment_id": "R-140",
    "name": "11th Cross Road",
    "kind": "residential",
    "highway": "residential",
    "oneway": false,
    "from_node": "306620799",
    "to_node": "306620803",
    "length_m": 36,
    "elevation_m": 894.0,
    "is_low_point": false,
    "drain_distance_m": 183,
    "drain_capacity_mm_hr": 30,
    "history_score": 0.25,
    "water_distance_m": 234
   }
  },
  {
   "type": "Feature",
   "geometry": {
    "type": "LineString",
    "coordinates": [
     [
      77.646278,
      12.917204
     ],
     [
      77.646621,
      12.917214
     ]
    ]
   },
   "properties": {
    "segment_id": "R-141",
    "name": "11th Cross Road",
    "kind": "residential",
    "highway": "residential",
    "oneway": false,
    "from_node": "306620803",
    "to_node": "306620825",
    "length_m": 37,
    "elevation_m": 894.5,
    "is_low_point": false,
    "drain_distance_m": 159,
    "drain_capacity_mm_hr": 29,
    "history_score": 0.26,
    "water_distance_m": 234
   }
  },
  {
   "type": "Feature",
   "geometry": {
    "type": "LineString",
    "coordinates": [
     [
      77.646621,
      12.917214
     ],
     [
      77.646995,
      12.917226
     ]
    ]
   },
   "properties": {
    "segment_id": "R-142",
    "name": "11th Cross Road",
    "kind": "residential",
    "highway": "residential",
    "oneway": false,
    "from_node": "306620825",
    "to_node": "306620828",
    "length_m": 41,
    "elevation_m": 892.5,
    "is_low_point": false,
    "drain_distance_m": 144,
    "drain_capacity_mm_hr": 32,
    "history_score": 0.32,
    "water_distance_m": 237
   }
  },
  {
   "type": "Feature",
   "geometry": {
    "type": "LineString",
    "coordinates": [
     [
      77.649138,
      12.916788
     ],
     [
      77.64756,
      12.916801
     ]
    ]
   },
   "properties": {
    "segment_id": "R-143",
    "name": "11A Cross Road",
    "kind": "residential",
    "highway": "residential",
    "oneway": false,
    "from_node": "306620859",
    "to_node": "306620870",
    "length_m": 171,
    "elevation_m": 890.0,
    "is_low_point": false,
    "drain_distance_m": 91,
    "drain_capacity_mm_hr": 32,
    "history_score": 0.46,
    "water_distance_m": 257
   }
  },
  {
   "type": "Feature",
   "geometry": {
    "type": "LineString",
    "coordinates": [
     [
      77.647168,
      12.916799
     ],
     [
      77.64756,
      12.916801
     ]
    ]
   },
   "properties": {
    "segment_id": "R-144",
    "name": "11A Cross Road",
    "kind": "residential",
    "highway": "residential",
    "oneway": false,
    "from_node": "306620866",
    "to_node": "306620870",
    "length_m": 42,
    "elevation_m": 887.5,
    "is_low_point": true,
    "drain_distance_m": 102,
    "drain_capacity_mm_hr": 33,
    "history_score": 0.72,
    "water_distance_m": 207
   }
  },
  {
   "type": "Feature",
   "geometry": {
    "type": "LineString",
    "coordinates": [
     [
      77.646848,
      12.922913
     ],
     [
      77.646666,
      12.92338
     ]
    ]
   },
   "properties": {
    "segment_id": "R-145",
    "name": "22nd Main Road",
    "kind": "lakeside",
    "highway": "residential",
    "oneway": false,
    "from_node": "306621104",
    "to_node": "2387017508",
    "length_m": 56,
    "elevation_m": 881.5,
    "is_low_point": false,
    "drain_distance_m": 296,
    "drain_capacity_mm_hr": 23,
    "history_score": 0.64,
    "water_distance_m": 108
   }
  },
  {
   "type": "Feature",
   "geometry": {
    "type": "LineString",
    "coordinates": [
     [
      77.646848,
      12.922913
     ],
     [
      77.646654,
      12.922744
     ]
    ]
   },
   "properties": {
    "segment_id": "R-146",
    "name": "Unnamed road",
    "kind": "lakeside",
    "highway": "residential",
    "oneway": false,
    "from_node": "306621104",
    "to_node": "2447310407",
    "length_m": 28,
    "elevation_m": 880.5,
    "is_low_point": false,
    "drain_distance_m": 225,
    "drain_capacity_mm_hr": 22,
    "history_score": 0.73,
    "water_distance_m": 118
   }
  },
  {
   "type": "Feature",
   "geometry": {
    "type": "LineString",
    "coordinates": [
     [
      77.646848,
      12.922913
     ],
     [
      77.646919,
      12.922763
     ],
     [
      77.647031,
      12.922609
     ],
     [
      77.647093,
      12.922533
     ],
     [
      77.647127,
      12.922443
     ],
     [
      77.647246,
      12.921424
     ],
     [
      77.647271,
      12.921311
     ]
    ]
   },
   "properties": {
    "segment_id": "R-147",
    "name": "22nd Main Road",
    "kind": "residential",
    "highway": "residential",
    "oneway": false,
    "from_node": "306621104",
    "to_node": "2447310402",
    "length_m": 188,
    "elevation_m": 884.5,
    "is_low_point": false,
    "drain_distance_m": 178,
    "drain_capacity_mm_hr": 29,
    "history_score": 0.59,
    "water_distance_m": 190
   }
  },
  {
   "type": "Feature",
   "geometry": {
    "type": "LineString",
    "coordinates": [
     [
      77.647406,
      12.921008
     ],
     [
      77.647263,
      12.919933
     ]
    ]
   },
   "properties": {
    "segment_id": "R-148",
    "name": "22nd Main Road",
    "kind": "residential",
    "highway": "residential",
    "oneway": false,
    "from_node": "306621179",
    "to_node": "306621180",
    "length_m": 120,
    "elevation_m": 890.5,
    "is_low_point": false,
    "drain_distance_m": 155,
    "drain_capacity_mm_hr": 36,
    "history_score": 0.47,
    "water_distance_m": 351
   }
  },
  {
   "type": "Feature",
   "geometry": {
    "type": "LineString",
    "coordinates": [
     [
      77.647406,
      12.921008
     ],
     [
      77.647868,
      12.921077
     ]
    ]
   },
   "properties": {
    "segment_id": "R-149",
    "name": "Unnamed road",
    "kind": "residential",
    "highway": "residential",
    "oneway": false,
    "from_node": "306621179",
    "to_node": "2388266816",
    "length_m": 51,
    "elevation_m": 890.0,
    "is_low_point": false,
    "drain_distance_m": 157,
    "drain_capacity_mm_hr": 35,
    "history_score": 0.44,
    "water_distance_m": 319
   }
  },
  {
   "type": "Feature",
   "geometry": {
    "type": "LineString",
    "coordinates": [
     [
      77.647406,
      12.921008
     ],
     [
      77.647314,
      12.921036
     ],
     [
      77.647293,
      12.921219
     ],
     [
      77.647271,
      12.921311
     ]
    ]
   },
   "properties": {
    "segment_id": "R-150",
    "name": "22nd Main Road",
    "kind": "residential",
    "highway": "residential",
    "oneway": false,
    "from_node": "306621179",
    "to_node": "2447310402",
    "length_m": 41,
    "elevation_m": 888.5,
    "is_low_point": false,
    "drain_distance_m": 181,
    "drain_capacity_mm_hr": 30,
    "history_score": 0.45,
    "water_distance_m": 288
   }
  },
  {
   "type": "Feature",
   "geometry": {
    "type": "LineString",
    "coordinates": [
     [
      77.647263,
      12.919933
     ],
     [
      77.646883,
      12.919954
     ]
    ]
   },
   "properties": {
    "segment_id": "R-151",
    "name": "Unnamed road",
    "kind": "residential",
    "highway": "residential",
    "oneway": false,
    "from_node": "306621180",
    "to_node": "6196261543",
    "length_m": 41,
    "elevation_m": 892.0,
    "is_low_point": false,
    "drain_distance_m": 172,
    "drain_capacity_mm_hr": 35,
    "history_score": 0.33,
    "water_distance_m": 377
   }
  },
  {
   "type": "Feature",
   "geometry": {
    "type": "LineString",
    "coordinates": [
     [
      77.647263,
      12.919933
     ],
     [
      77.647669,
      12.919906
     ]
    ]
   },
   "properties": {
    "segment_id": "R-152",
    "name": "Unnamed road",
    "kind": "residential",
    "highway": "residential",
    "oneway": false,
    "from_node": "306621180",
    "to_node": "7432244870",
    "length_m": 44,
    "elevation_m": 892.5,
    "is_low_point": false,
    "drain_distance_m": 117,
    "drain_capacity_mm_hr": 27,
    "history_score": 0.34,
    "water_distance_m": 408
   }
  },
  {
   "type": "Feature",
   "geometry": {
    "type": "LineString",
    "coordinates": [
     [
      77.650589,
      12.922423
     ],
     [
      77.650898,
      12.922478
     ]
    ]
   },
   "properties": {
    "segment_id": "R-153",
    "name": "1st Cross Road",
    "kind": "lakeside",
    "highway": "residential",
    "oneway": false,
    "from_node": "306621229",
    "to_node": "306621778",
    "length_m": 34,
    "elevation_m": 886.5,
    "is_low_point": false,
    "drain_distance_m": 252,
    "drain_capacity_mm_hr": 27,
    "history_score": 0.57,
    "water_distance_m": 64
   }
  },
  {
   "type": "Feature",
   "geometry": {
    "type": "LineString",
    "coordinates": [
     [
      77.650589,
      12.922423
     ],
     [
      77.650591,
      12.922046
     ]
    ]
   },
   "properties": {
    "segment_id": "R-154",
    "name": "24th Main Road",
    "kind": "lakeside",
    "highway": "residential",
    "oneway": false,
    "from_node": "306621229",
    "to_node": "7432244863",
    "length_m": 42,
    "elevation_m": 886.0,
    "is_low_point": false,
    "drain_distance_m": 208,
    "drain_capacity_mm_hr": 24,
    "history_score": 0.51,
    "water_distance_m": 92
   }
  },
  {
   "type": "Feature",
   "geometry": {
    "type": "LineString",
    "coordinates": [
     [
      77.650589,
      12.922423
     ],
     [
      77.650475,
      12.922444
     ]
    ]
   },
   "properties": {
    "segment_id": "R-155",
    "name": "1st Cross Road",
    "kind": "lakeside",
    "highway": "residential",
    "oneway": false,
    "from_node": "306621229",
    "to_node": "306621270",
    "length_m": 13,
    "elevation_m": 885.5,
    "is_low_point": false,
    "drain_distance_m": 232,
    "drain_capacity_mm_hr": 24,
    "history_score": 0.57,
    "water_distance_m": 85
   }
  },
  {
   "type": "Feature",
   "geometry": {
    "type": "LineString",
    "coordinates": [
     [
      77.650475,
      12.922444
     ],
     [
      77.650292,
      12.922474
     ]
    ]
   },
   "properties": {
    "segment_id": "R-156",
    "name": "1st Cross Road",
    "kind": "lakeside",
    "highway": "residential",
    "oneway": false,
    "from_node": "306621270",
    "to_node": "11431805314",
    "length_m": 20,
    "elevation_m": 884.0,
    "is_low_point": false,
    "drain_distance_m": 223,
    "drain_capacity_mm_hr": 23,
    "history_score": 0.63,
    "water_distance_m": 99
   }
  },
  {
   "type": "Feature",
   "geometry": {
    "type": "LineString",
    "coordinates": [
     [
      77.650475,
      12.922444
     ],
     [
      77.650408,
      12.923464
     ],
     [
      77.650388,
      12.923603
     ],
     [
      77.650314,
      12.92411
     ],
     [
      77.650305,
      12.924208
     ],
     [
      77.650291,
      12.924303
     ]
    ]
   },
   "properties": {
    "segment_id": "R-157",
    "name": "Unnamed road",
    "kind": "lakeside",
    "highway": "residential",
    "oneway": false,
    "from_node": "306621270",
    "to_node": "2387127863",
    "length_m": 208,
    "elevation_m": 885.0,
    "is_low_point": false,
    "drain_distance_m": 206,
    "drain_capacity_mm_hr": 26,
    "history_score": 0.55,
    "water_distance_m": 96
   }
  },
  {
   "type": "Feature",
   "geometry": {
    "type": "LineString",
    "coordinates": [
     [
      77.650647,
      12.921074
     ],
     [
      77.649937,
      12.921152
     ]
    ]
   },
   "properties": {
    "segment_id": "R-158",
    "name": "6th Cross Road",
    "kind": "residential",
    "highway": "residential",
    "oneway": false,
    "from_node": "306621271",
    "to_node": "5267402569",
    "length_m": 77,
    "elevation_m": 887.0,
    "is_low_point": false,
    "drain_distance_m": 136,
    "drain_capacity_mm_hr": 31,
    "history_score": 0.43,
    "water_distance_m": 210
   }
  },
  {
   "type": "Feature",
   "geometry": {
    "type": "LineString",
    "coordinates": [
     [
      77.650647,
      12.921074
     ],
     [
      77.650933,
      12.921058
     ]
    ]
   },
   "properties": {
    "segment_id": "R-159",
    "name": "6th Cross Road",
    "kind": "residential",
    "highway": "residential",
    "oneway": false,
    "from_node": "306621271",
    "to_node": "306621762",
    "length_m": 31,
    "elevation_m": 887.0,
    "is_low_point": false,
    "drain_distance_m": 190,
    "drain_capacity_mm_hr": 29,
    "history_score": 0.51,
    "water_distance_m": 194
   }
  },
  {
   "type": "Feature",
   "geometry": {
    "type": "LineString",
    "coordinates": [
     [
      77.650647,
      12.921074
     ],
     [
      77.650654,
      12.921319
     ]
    ]
   },
   "properties": {
    "segment_id": "R-160",
    "name": "24th Main Road",
    "kind": "residential",
    "highway": "residential",
    "oneway": false,
    "from_node": "306621271",
    "to_node": "4146211280",
    "length_m": 27,
    "elevation_m": 887.0,
    "is_low_point": false,
    "drain_distance_m": 184,
    "drain_capacity_mm_hr": 32,
    "history_score": 0.55,
    "water_distance_m": 185
   }
  },
  {
   "type": "Feature",
   "geometry": {
    "type": "LineString",
    "coordinates": [
     [
      77.651587,
      12.921029
     ],
     [
      77.651579,
      12.921204
     ]
    ]
   },
   "properties": {
    "segment_id": "R-161",
    "name": "27th Main Road",
    "kind": "arterial",
    "highway": "secondary",
    "oneway": false,
    "from_node": "306621654",
    "to_node": "306622120",
    "length_m": 20,
    "elevation_m": 884.5,
    "is_low_point": false,
    "drain_distance_m": 70,
    "drain_capacity_mm_hr": 42,
    "history_score": 0.52,
    "water_distance_m": 181
   }
  },
  {
   "type": "Feature",
   "geometry": {
    "type": "LineString",
    "coordinates": [
     [
      77.651587,
      12.921029
     ],
     [
      77.651608,
      12.920587
     ]
    ]
   },
   "properties": {
    "segment_id": "R-162",
    "name": "27th Main Road",
    "kind": "arterial",
    "highway": "secondary",
    "oneway": false,
    "from_node": "306621654",
    "to_node": "306621921",
    "length_m": 49,
    "elevation_m": 883.5,
    "is_low_point": false,
    "drain_distance_m": 130,
    "drain_capacity_mm_hr": 46,
    "history_score": 0.66,
    "water_distance_m": 215
   }
  },
  {
   "type": "Feature",
   "geometry": {
    "type": "LineString",
    "coordinates": [
     [
      77.651587,
      12.921029
     ],
     [
      77.651511,
      12.921036
     ],
     [
      77.651483,
      12.921037
     ],
     [
      77.65125,
      12.921048
     ]
    ]
   },
   "properties": {
    "segment_id": "R-163",
    "name": "6th Cross Road",
    "kind": "residential",
    "highway": "residential",
    "oneway": false,
    "from_node": "306621654",
    "to_node": "306621760",
    "length_m": 37,
    "elevation_m": 885.0,
    "is_low_point": false,
    "drain_distance_m": 172,
    "drain_capacity_mm_hr": 29,
    "history_score": 0.55,
    "water_distance_m": 189
   }
  },
  {
   "type": "Feature",
   "geometry": {
    "type": "LineString",
    "coordinates": [
     [
      77.65125,
      12.921048
     ],
     [
      77.650933,
      12.921058
     ]
    ]
   },
   "properties": {
    "segment_id": "R-164",
    "name": "6th Cross Road",
    "kind": "residential",
    "highway": "residential",
    "oneway": false,
    "from_node": "306621760",
    "to_node": "306621762",
    "length_m": 34,
    "elevation_m": 886.5,
    "is_low_point": false,
    "drain_distance_m": 114,
    "drain_capacity_mm_hr": 31,
    "history_score": 0.45,
    "water_distance_m": 190
   }
  },
  {
   "type": "Feature",
   "geometry": {
    "type": "LineString",
    "coordinates": [
     [
      77.65125,
      12.921048
     ],
     [
      77.651242,
      12.921316
     ],
     [
      77.651236,
      12.921549
     ],
     [
      77.651221,
      12.92261
     ]
    ]
   },
   "properties": {
    "segment_id": "R-165",
    "name": "26th Main Road",
    "kind": "lakeside",
    "highway": "residential",
    "oneway": false,
    "from_node": "306621760",
    "to_node": "306621809",
    "length_m": 174,
    "elevation_m": 886.0,
    "is_low_point": false,
    "drain_distance_m": 203,
    "drain_capacity_mm_hr": 25,
    "history_score": 0.51,
    "water_distance_m": 103
   }
  },
  {
   "type": "Feature",
   "geometry": {
    "type": "LineString",
    "coordinates": [
     [
      77.650933,
      12.921058
     ],
     [
      77.650898,
      12.922478
     ]
    ]
   },
   "properties": {
    "segment_id": "R-166",
    "name": "25th Main Road",
    "kind": "lakeside",
    "highway": "residential",
    "oneway": false,
    "from_node": "306621762",
    "to_node": "306621778",
    "length_m": 158,
    "elevation_m": 887.0,
    "is_low_point": false,
    "drain_distance_m": 240,
    "drain_capacity_mm_hr": 26,
    "history_score": 0.45,
    "water_distance_m": 116
   }
  },
  {
   "type": "Feature",
   "geometry": {
    "type": "LineString",
    "coordinates": [
     [
      77.650898,
      12.922478
     ],
     [
      77.651179,
      12.922595
     ],
     [
      77.651221,
      12.92261
     ]
    ]
   },
   "properties": {
    "segment_id": "R-167",
    "name": "1st Cross Road",
    "kind": "lakeside",
    "highway": "residential",
    "oneway": false,
    "from_node": "306621778",
    "to_node": "306621809",
    "length_m": 38,
    "elevation_m": 886.5,
    "is_low_point": false,
    "drain_distance_m": 213,
    "drain_capacity_mm_hr": 25,
    "history_score": 0.58,
    "water_distance_m": 31
   }
  },
  {
   "type": "Feature",
   "geometry": {
    "type": "LineString",
    "coordinates": [
     [
      77.651608,
      12.920587
     ],
     [
      77.651512,
      12.920592
     ],
     [
      77.651107,
      12.920615
     ],
     [
      77.651045,
      12.920618
     ],
     [
      77.650321,
      12.920659
     ]
    ]
   },
   "properties": {
    "segment_id": "R-168",
    "name": "4th Cross Road",
    "kind": "residential",
    "highway": "residential",
    "oneway": false,
    "from_node": "306621921",
    "to_node": "4146211271",
    "length_m": 140,
    "elevation_m": 885.0,
    "is_low_point": false,
    "drain_distance_m": 133,
    "drain_capacity_mm_hr": 24,
    "history_score": 0.54,
    "water_distance_m": 239
   }
  },
  {
   "type": "Feature",
   "geometry": {
    "type": "LineString",
    "coordinates": [
     [
      77.651608,
      12.920587
     ],
     [
      77.651624,
      12.920011
     ],
     [
      77.651625,
      12.919982
     ],
     [
      77.65163,
      12.919792
     ],
     [
      77.651633,
      12.919694
     ]
    ]
   },
   "properties": {
    "segment_id": "R-169",
    "name": "27th Main Road",
    "kind": "arterial",
    "highway": "secondary",
    "oneway": false,
    "from_node": "306621921",
    "to_node": "2406084993",
    "length_m": 99,
    "elevation_m": 886.5,
    "is_low_point": false,
    "drain_distance_m": 115,
    "drain_capacity_mm_hr": 38,
    "history_score": 0.43,
    "water_distance_m": 213
   }
  },
  {
   "type": "Feature",
   "geometry": {
    "type": "LineString",
    "coordinates": [
     [
      77.65446,
      12.919764
     ],
     [
      77.654116,
      12.91977
     ]
    ]
   },
   "properties": {
    "segment_id": "R-170",
    "name": "7th Cross Road",
    "kind": "lakeside",
    "highway": "residential",
    "oneway": false,
    "from_node": "306622059",
    "to_node": "306622275",
    "length_m": 37,
    "elevation_m": 890.0,
    "is_low_point": false,
    "drain_distance_m": 205,
    "drain_capacity_mm_hr": 25,
    "history_score": 0.44,
    "water_distance_m": 85
   }
  },
  {
   "type": "Feature",
   "geometry": {
    "type": "LineString",
    "coordinates": [
     [
      77.65446,
      12.919764
     ],
     [
      77.65442,
      12.919313
     ]
    ]
   },
   "properties": {
    "segment_id": "R-171",
    "name": "31st Main Road",
    "kind": "lakeside",
    "highway": "residential",
    "oneway": false,
    "from_node": "306622059",
    "to_node": "306622853",
    "length_m": 50,
    "elevation_m": 890.0,
    "is_low_point": false,
    "drain_distance_m": 233,
    "drain_capacity_mm_hr": 23,
    "history_score": 0.51,
    "water_distance_m": 100
   }
  },
  {
   "type": "Feature",
   "geometry": {
    "type": "LineString",
    "coordinates": [
     [
      77.65446,
      12.919764
     ],
     [
      77.654558,
      12.920459
     ]
    ]
   },
   "properties": {
    "segment_id": "R-172",
    "name": "31st Main Road",
    "kind": "lakeside",
    "highway": "residential",
    "oneway": false,
    "from_node": "306622059",
    "to_node": "306622844",
    "length_m": 78,
    "elevation_m": 890.5,
    "is_low_point": false,
    "drain_distance_m": 275,
    "drain_capacity_mm_hr": 24,
    "history_score": 0.51,
    "water_distance_m": 119
   }
  },
  {
   "type": "Feature",
   "geometry": {
    "type": "LineString",
    "coordinates": [
     [
      77.651687,
      12.918054
     ],
     [
      77.651777,
      12.918056
     ],
     [
      77.651787,
      12.918056
     ],
     [
      77.652208,
      12.918068
     ]
    ]
   },
   "properties": {
    "segment_id": "R-173",
    "name": "10th Cross Road",
    "kind": "residential",
    "highway": "residential",
    "oneway": false,
    "from_node": "306622080",
    "to_node": "306622157",
    "length_m": 56,
    "elevation_m": 892.5,
    "is_low_point": false,
    "drain_distance_m": 99,
    "drain_capacity_mm_hr": 27,
    "history_score": 0.29,
    "water_distance_m": 188
   }
  },
  {
   "type": "Feature",
   "geometry": {
    "type": "LineString",
    "coordinates": [
     [
      77.651579,
      12.921204
     ],
     [
      77.651664,
      12.921193
     ],
     [
      77.651789,
      12.921176
     ]
    ]
   },
   "properties": {
    "segment_id": "R-174",
    "name": "3rd Cross Road",
    "kind": "residential",
    "highway": "residential",
    "oneway": false,
    "from_node": "306622120",
    "to_node": "6208444685",
    "length_m": 23,
    "elevation_m": 884.5,
    "is_low_point": false,
    "drain_distance_m": 200,
    "drain_capacity_mm_hr": 30,
    "history_score": 0.53,
    "water_distance_m": 175
   }
  },
  {
   "type": "Feature",
   "geometry": {
    "type": "LineString",
    "coordinates": [
     [
      77.652208,
      12.918068
     ],
     [
      77.652559,
      12.918077
     ]
    ]
   },
   "properties": {
    "segment_id": "R-175",
    "name": "10th Cross Road",
    "kind": "lakeside",
    "highway": "residential",
    "oneway": false,
    "from_node": "306622157",
    "to_node": "306622943",
    "length_m": 38,
    "elevation_m": 893.5,
    "is_low_point": false,
    "drain_distance_m": 278,
    "drain_capacity_mm_hr": 26,
    "history_score": 0.41,
    "water_distance_m": 141
   }
  },
  {
   "type": "Feature",
   "geometry": {
    "type": "LineString",
    "coordinates": [
     [
      77.652208,
      12.918068
     ],
     [
      77.652168,
      12.919236
     ]
    ]
   },
   "properties": {
    "segment_id": "R-176",
    "name": "28th Main Road",
    "kind": "residential",
    "highway": "residential",
    "oneway": false,
    "from_node": "306622157",
    "to_node": "306622887",
    "length_m": 130,
    "elevation_m": 892.0,
    "is_low_point": false,
    "drain_distance_m": 194,
    "drain_capacity_mm_hr": 33,
    "history_score": 0.34,
    "water_distance_m": 152
   }
  },
  {
   "type": "Feature",
   "geometry": {
    "type": "LineString",
    "coordinates": [
     [
      77.652208,
      12.918068
     ],
     [
      77.652246,
      12.916686
     ]
    ]
   },
   "properties": {
    "segment_id": "R-177",
    "name": "28th Main Road",
    "kind": "residential",
    "highway": "residential",
    "oneway": false,
    "from_node": "306622157",
    "to_node": "306622953",
    "length_m": 154,
    "elevation_m": 895.5,
    "is_low_point": false,
    "drain_distance_m": 107,
    "drain_capacity_mm_hr": 24,
    "history_score": 0.25,
    "water_distance_m": 182
   }
  },
  {
   "type": "Feature",
   "geometry": {
    "type": "LineString",
    "coordinates": [
     [
      77.652254,
      12.916356
     ],
     [
      77.652246,
      12.916686
     ]
    ]
   },
   "properties": {
    "segment_id": "R-178",
    "name": "28th Main Road",
    "kind": "residential",
    "highway": "residential",
    "oneway": false,
    "from_node": "306622158",
    "to_node": "306622953",
    "length_m": 37,
    "elevation_m": 897.5,
    "is_low_point": false,
    "drain_distance_m": 152,
    "drain_capacity_mm_hr": 32,
    "history_score": 0.2,
    "water_distance_m": 241
   }
  },
  {
   "type": "Feature",
   "geometry": {
    "type": "LineString",
    "coordinates": [
     [
      77.652143,
      12.920057
     ],
     [
      77.65413,
      12.920156
     ]
    ]
   },
   "properties": {
    "segment_id": "R-179",
    "name": "6th Cross Road",
    "kind": "lakeside",
    "highway": "residential",
    "oneway": false,
    "from_node": "306622206",
    "to_node": "306622244",
    "length_m": 216,
    "elevation_m": 889.0,
    "is_low_point": false,
    "drain_distance_m": 277,
    "drain_capacity_mm_hr": 26,
    "history_score": 0.43,
    "water_distance_m": 65
   }
  },
  {
   "type": "Feature",
   "geometry": {
    "type": "LineString",
    "coordinates": [
     [
      77.652143,
      12.920057
     ],
     [
      77.65213,
      12.920395
     ],
     [
      77.652166,
      12.920406
     ],
     [
      77.653675,
      12.920461
     ]
    ]
   },
   "properties": {
    "segment_id": "R-180",
    "name": "5th Cross Road",
    "kind": "lakeside",
    "highway": "residential",
    "oneway": false,
    "from_node": "306622206",
    "to_node": "306622782",
    "length_m": 205,
    "elevation_m": 887.0,
    "is_low_point": false,
    "drain_distance_m": 275,
    "drain_capacity_mm_hr": 26,
    "history_score": 0.45,
    "water_distance_m": 94
   }
  },
  {
   "type": "Feature",
   "geometry": {
    "type": "LineString",
    "coordinates": [
     [
      77.65413,
      12.920156
     ],
     [
      77.654116,
      12.91977
     ]
    ]
   },
   "properties": {
    "segment_id": "R-181",
    "name": "Unnamed road",
    "kind": "lakeside",
    "highway": "residential",
    "oneway": false,
    "from_node": "306622244",
    "to_node": "306622275",
    "length_m": 43,
    "elevation_m": 889.5,
    "is_low_point": false,
    "drain_distance_m": 296,
    "drain_capacity_mm_hr": 27,
    "history_score": 0.4,
    "water_distance_m": 75
   }
  },
  {
   "type": "Feature",
   "geometry": {
    "type": "LineString",
    "coordinates": [
     [
      77.65413,
      12.920156
     ],
     [
      77.654152,
      12.92042
     ],
     [
      77.654148,
      12.920469
     ],
     [
      77.654095,
      12.920477
     ],
     [
      77.653675,
      12.920461
     ]
    ]
   },
   "properties": {
    "segment_id": "R-182",
    "name": "5th Cross Road",
    "kind": "lakeside",
    "highway": "residential",
    "oneway": false,
    "from_node": "306622244",
    "to_node": "306622782",
    "length_m": 86,
    "elevation_m": 887.0,
    "is_low_point": false,
    "drain_distance_m": 231,
    "drain_capacity_mm_hr": 22,
    "history_score": 0.57,
    "water_distance_m": 84
   }
  },
  {
   "type": "Feature",
   "geometry": {
    "type": "LineString",
    "coordinates": [
     [
      77.653675,
      12.920461
     ],
     [
      77.65368,
      12.920676
     ]
    ]
   },
   "properties": {
    "segment_id": "R-183",
    "name": "29th Main Road",
    "kind": "lakeside",
    "highway": "residential",
    "oneway": false,
    "from_node": "306622782",
    "to_node": "5267402571",
    "length_m": 24,
    "elevation_m": 885.5,
    "is_low_point": false,
    "drain_distance_m": 240,
    "drain_capacity_mm_hr": 28,
    "history_score": 0.6,
    "water_distance_m": 103
   }
  },
  {
   "type": "Feature",
   "geometry": {
    "type": "LineString",
    "coordinates": [
     [
      77.654199,
      12.918121
     ],
     [
      77.653969,
      12.918115
     ]
    ]
   },
   "properties": {
    "segment_id": "R-184",
    "name": "10th Cross Road",
    "kind": "lakeside",
    "highway": "residential",
    "oneway": false,
    "from_node": "306622845",
    "to_node": "306622934",
    "length_m": 25,
    "elevation_m": 892.0,
    "is_low_point": false,
    "drain_distance_m": 269,
    "drain_capacity_mm_hr": 22,
    "history_score": 0.46,
    "water_distance_m": 43
   }
  },
  {
   "type": "Feature",
   "geometry": {
    "type": "LineString",
    "coordinates": [
     [
      77.654199,
      12.918121
     ],
     [
      77.654145,
      12.917803
     ]
    ]
   },
   "properties": {
    "segment_id": "R-185",
    "name": "31st Main Road",
    "kind": "lakeside",
    "highway": "residential",
    "oneway": false,
    "from_node": "306622845",
    "to_node": "306622967",
    "length_m": 36,
    "elevation_m": 893.0,
    "is_low_point": false,
    "drain_distance_m": 277,
    "drain_capacity_mm_hr": 23,
    "history_score": 0.48,
    "water_distance_m": 57
   }
  },
  {
   "type": "Feature",
   "geometry": {
    "type": "LineString",
    "coordinates": [
     [
      77.654199,
      12.918121
     ],
     [
      77.654255,
      12.91814
     ],
     [
      77.654289,
      12.918175
     ],
     [
      77.65442,
      12.919313
     ]
    ]
   },
   "properties": {
    "segment_id": "R-186",
    "name": "31st Main Road",
    "kind": "lakeside",
    "highway": "residential",
    "oneway": false,
    "from_node": "306622845",
    "to_node": "306622853",
    "length_m": 139,
    "elevation_m": 891.5,
    "is_low_point": false,
    "drain_distance_m": 212,
    "drain_capacity_mm_hr": 26,
    "history_score": 0.53,
    "water_distance_m": 77
   }
  },
  {
   "type": "Feature",
   "geometry": {
    "type": "LineString",
    "coordinates": [
     [
      77.65442,
      12.919313
     ],
     [
      77.654049,
      12.91931
     ]
    ]
   },
   "properties": {
    "segment_id": "R-187",
    "name": "8th Cross Road",
    "kind": "lakeside",
    "highway": "residential",
    "oneway": false,
    "from_node": "306622853",
    "to_node": "306622884",
    "length_m": 40,
    "elevation_m": 890.0,
    "is_low_point": false,
    "drain_distance_m": 235,
    "drain_capacity_mm_hr": 27,
    "history_score": 0.45,
    "water_distance_m": 76
   }
  },
  {
   "type": "Feature",
   "geometry": {
    "type": "LineString",
    "coordinates": [
     [
      77.654049,
      12.91931
     ],
     [
      77.652528,
      12.919248
     ]
    ]
   },
   "properties": {
    "segment_id": "R-188",
    "name": "8th Cross Road",
    "kind": "lakeside",
    "highway": "residential",
    "oneway": false,
    "from_node": "306622884",
    "to_node": "306622935",
    "length_m": 165,
    "elevation_m": 889.5,
    "is_low_point": false,
    "drain_distance_m": 251,
    "drain_capacity_mm_hr": 24,
    "history_score": 0.46,
    "water_distance_m": 27
   }
  },
  {
   "type": "Feature",
   "geometry": {
    "type": "LineString",
    "coordinates": [
     [
      77.654049,
      12.91931
     ],
     [
      77.654039,
      12.918959
     ]
    ]
   },
   "properties": {
    "segment_id": "R-189",
    "name": "Unnamed road",
    "kind": "lakeside",
    "highway": "residential",
    "oneway": false,
    "from_node": "306622884",
    "to_node": "1054699509",
    "length_m": 39,
    "elevation_m": 890.0,
    "is_low_point": false,
    "drain_distance_m": 282,
    "drain_capacity_mm_hr": 27,
    "history_score": 0.4,
    "water_distance_m": 54
   }
  },
  {
   "type": "Feature",
   "geometry": {
    "type": "LineString",
    "coordinates": [
     [
      77.652168,
      12.919236
     ],
     [
      77.652528,
      12.919248
     ]
    ]
   },
   "properties": {
    "segment_id": "R-190",
    "name": "8th Cross Road",
    "kind": "lakeside",
    "highway": "residential",
    "oneway": false,
    "from_node": "306622887",
    "to_node": "306622935",
    "length_m": 39,
    "elevation_m": 889.5,
    "is_low_point": false,
    "drain_distance_m": 264,
    "drain_capacity_mm_hr": 28,
    "history_score": 0.53,
    "water_distance_m": 129
   }
  },
  {
   "type": "Feature",
   "geometry": {
    "type": "LineString",
    "coordinates": [
     [
      77.653969,
      12.918115
     ],
     [
      77.653207,
      12.918094
     ]
    ]
   },
   "properties": {
    "segment_id": "R-191",
    "name": "10th Cross Road",
    "kind": "lakeside",
    "highway": "residential",
    "oneway": false,
    "from_node": "306622934",
    "to_node": "306623034",
    "length_m": 83,
    "elevation_m": 891.5,
    "is_low_point": false,
    "drain_distance_m": 244,
    "drain_capacity_mm_hr": 26,
    "history_score": 0.5,
    "water_distance_m": 14
   }
  },
  {
   "type": "Feature",
   "geometry": {
    "type": "LineString",
    "coordinates": [
     [
      77.653969,
      12.918115
     ],
     [
      77.654039,
      12.918959
     ]
    ]
   },
   "properties": {
    "segment_id": "R-192",
    "name": "Unnamed road",
    "kind": "lakeside",
    "highway": "residential",
    "oneway": false,
    "from_node": "306622934",
    "to_node": "1054699509",
    "length_m": 94,
    "elevation_m": 890.5,
    "is_low_point": false,
    "drain_distance_m": 227,
    "drain_capacity_mm_hr": 28,
    "history_score": 0.53,
    "water_distance_m": 41
   }
  },
  {
   "type": "Feature",
   "geometry": {
    "type": "LineString",
    "coordinates": [
     [
      77.652528,
      12.919248
     ],
     [
      77.652533,
      12.918924
     ]
    ]
   },
   "properties": {
    "segment_id": "R-193",
    "name": "29th Main Road",
    "kind": "lakeside",
    "highway": "residential",
    "oneway": false,
    "from_node": "306622935",
    "to_node": "306622987",
    "length_m": 36,
    "elevation_m": 889.5,
    "is_low_point": false,
    "drain_distance_m": 248,
    "drain_capacity_mm_hr": 25,
    "history_score": 0.46,
    "water_distance_m": 110
   }
  },
  {
   "type": "Feature",
   "geometry": {
    "type": "LineString",
    "coordinates": [
     [
      77.652559,
      12.918077
     ],
     [
      77.65291,
      12.918086
     ]
    ]
   },
   "properties": {
    "segment_id": "R-194",
    "name": "10th Cross Road",
    "kind": "lakeside",
    "highway": "residential",
    "oneway": false,
    "from_node": "306622943",
    "to_node": "306623026",
    "length_m": 38,
    "elevation_m": 893.0,
    "is_low_point": false,
    "drain_distance_m": 227,
    "drain_capacity_mm_hr": 26,
    "history_score": 0.47,
    "water_distance_m": 104
   }
  },
  {
   "type": "Feature",
   "geometry": {
    "type": "LineString",
    "coordinates": [
     [
      77.652559,
      12.918077
     ],
     [
      77.652564,
      12.917752
     ]
    ]
   },
   "properties": {
    "segment_id": "R-195",
    "name": "29th Main Road",
    "kind": "lakeside",
    "highway": "residential",
    "oneway": false,
    "from_node": "306622943",
    "to_node": "306622963",
    "length_m": 36,
    "elevation_m": 893.5,
    "is_low_point": false,
    "drain_distance_m": 209,
    "drain_capacity_mm_hr": 27,
    "history_score": 0.46,
    "water_distance_m": 126
   }
  },
  {
   "type": "Feature",
   "geometry": {
    "type": "LineString",
    "coordinates": [
     [
      77.652559,
      12.918077
     ],
     [
      77.652533,
      12.918924
     ]
    ]
   },
   "properties": {
    "segment_id": "R-196",
    "name": "29th Main Road",
    "kind": "lakeside",
    "highway": "residential",
    "oneway": false,
    "from_node": "306622943",
    "to_node": "306622987",
    "length_m": 94,
    "elevation_m": 891.5,
    "is_low_point": false,
    "drain_distance_m": 246,
    "drain_capacity_mm_hr": 23,
    "history_score": 0.45,
    "water_distance_m": 116
   }
  },
  {
   "type": "Feature",
   "geometry": {
    "type": "LineString",
    "coordinates": [
     [
      77.652585,
      12.916697
     ],
     [
      77.652573,
      12.917417
     ]
    ]
   },
   "properties": {
    "segment_id": "R-197",
    "name": "29th Main Road",
    "kind": "residential",
    "highway": "residential",
    "oneway": false,
    "from_node": "306622944",
    "to_node": "306622973",
    "length_m": 80,
    "elevation_m": 896.0,
    "is_low_point": false,
    "drain_distance_m": 93,
    "drain_capacity_mm_hr": 29,
    "history_score": 0.38,
    "water_distance_m": 174
   }
  },
  {
   "type": "Feature",
   "geometry": {
    "type": "LineString",
    "coordinates": [
     [
      77.652585,
      12.916697
     ],
     [
      77.653608,
      12.916736
     ]
    ]
   },
   "properties": {
    "segment_id": "R-198",
    "name": "11th A Cross Road",
    "kind": "residential",
    "highway": "residential",
    "oneway": false,
    "from_node": "306622944",
    "to_node": "1054699551",
    "length_m": 111,
    "elevation_m": 896.5,
    "is_low_point": false,
    "drain_distance_m": 113,
    "drain_capacity_mm_hr": 26,
    "history_score": 0.36,
    "water_distance_m": 175
   }
  },
  {
   "type": "Feature",
   "geometry": {
    "type": "LineString",
    "coordinates": [
     [
      77.652585,
      12.916697
     ],
     [
      77.652246,
      12.916686
     ]
    ]
   },
   "properties": {
    "segment_id": "R-199",
    "name": "11th A Cross Road",
    "kind": "residential",
    "highway": "residential",
    "oneway": false,
    "from_node": "306622944",
    "to_node": "306622953",
    "length_m": 37,
    "elevation_m": 897.5,
    "is_low_point": false,
    "drain_distance_m": 187,
    "drain_capacity_mm_hr": 28,
    "history_score": 0.31,
    "water_distance_m": 215
   }
  },
  {
   "type": "Feature",
   "geometry": {
    "type": "LineString",
    "coordinates": [
     [
      77.652564,
      12.917752
     ],
     [
      77.652573,
      12.917417
     ]
    ]
   },
   "properties": {
    "segment_id": "R-200",
    "name": "29th Main Road",
    "kind": "lakeside",
    "highway": "residential",
    "oneway": false,
    "from_node": "306622963",
    "to_node": "306622973",
    "length_m": 37,
    "elevation_m": 894.0,
    "is_low_point": false,
    "drain_distance_m": 201,
    "drain_capacity_mm_hr": 24,
    "history_score": 0.45,
    "water_distance_m": 139
   }
  },
  {
   "type": "Feature",
   "geometry": {
    "type": "LineString",
    "coordinates": [
     [
      77.652564,
      12.917752
     ],
     [
      77.653812,
      12.917792
     ]
    ]
   },
   "properties": {
    "segment_id": "R-201",
    "name": "10th A Cross Road",
    "kind": "lakeside",
    "highway": "residential",
    "oneway": false,
    "from_node": "306622963",
    "to_node": "1054699537",
    "length_m": 135,
    "elevation_m": 893.0,
    "is_low_point": false,
    "drain_distance_m": 272,
    "drain_capacity_mm_hr": 23,
    "history_score": 0.4,
    "water_distance_m": 71
   }
  },
  {
   "type": "Feature",
   "geometry": {
    "type": "LineString",
    "coordinates": [
     [
      77.654145,
      12.917803
     ],
     [
      77.653948,
      12.916724
     ]
    ]
   },
   "properties": {
    "segment_id": "R-202",
    "name": "31st Main Road",
    "kind": "lakeside",
    "highway": "residential",
    "oneway": false,
    "from_node": "306622967",
    "to_node": "1054699489",
    "length_m": 122,
    "elevation_m": 894.5,
    "is_low_point": false,
    "drain_distance_m": 269,
    "drain_capacity_mm_hr": 27,
    "history_score": 0.39,
    "water_distance_m": 109
   }
  },
  {
   "type": "Feature",
   "geometry": {
    "type": "LineString",
    "coordinates": [
     [
      77.654145,
      12.917803
     ],
     [
      77.653812,
      12.917792
     ]
    ]
   },
   "properties": {
    "segment_id": "R-203",
    "name": "10th A Cross Road",
    "kind": "lakeside",
    "highway": "residential",
    "oneway": false,
    "from_node": "306622967",
    "to_node": "1054699537",
    "length_m": 36,
    "elevation_m": 892.5,
    "is_low_point": false,
    "drain_distance_m": 279,
    "drain_capacity_mm_hr": 25,
    "history_score": 0.34,
    "water_distance_m": 53
   }
  },
  {
   "type": "Feature",
   "geometry": {
    "type": "LineString",
    "coordinates": [
     [
      77.652573,
      12.917417
     ],
     [
      77.653734,
      12.917426
     ]
    ]
   },
   "properties": {
    "segment_id": "R-204",
    "name": "11th Cross Road",
    "kind": "lakeside",
    "highway": "residential",
    "oneway": false,
    "from_node": "306622973",
    "to_node": "306622975",
    "length_m": 126,
    "elevation_m": 893.0,
    "is_low_point": false,
    "drain_distance_m": 269,
    "drain_capacity_mm_hr": 23,
    "history_score": 0.36,
    "water_distance_m": 102
   }
  },
  {
   "type": "Feature",
   "geometry": {
    "type": "LineString",
    "coordinates": [
     [
      77.653734,
      12.917426
     ],
     [
      77.653812,
      12.917792
     ]
    ]
   },
   "properties": {
    "segment_id": "R-205",
    "name": "30th Main Road",
    "kind": "lakeside",
    "highway": "residential",
    "oneway": false,
    "from_node": "306622975",
    "to_node": "1054699537",
    "length_m": 42,
    "elevation_m": 892.0,
    "is_low_point": false,
    "drain_distance_m": 247,
    "drain_capacity_mm_hr": 25,
    "history_score": 0.44,
    "water_distance_m": 64
   }
  },
  {
   "type": "Feature",
   "geometry": {
    "type": "LineString",
    "coordinates": [
     [
      77.653734,
      12.917426
     ],
     [
      77.653608,
      12.916736
     ]
    ]
   },
   "properties": {
    "segment_id": "R-206",
    "name": "30th Main Road",
    "kind": "lakeside",
    "highway": "residential",
    "oneway": false,
    "from_node": "306622975",
    "to_node": "1054699551",
    "length_m": 78,
    "elevation_m": 893.5,
    "is_low_point": false,
    "drain_distance_m": 275,
    "drain_capacity_mm_hr": 25,
    "history_score": 0.35,
    "water_distance_m": 122
   }
  },
  {
   "type": "Feature",
   "geometry": {
    "type": "LineString",
    "coordinates": [
     [
      77.652533,
      12.918924
     ],
     [
      77.652895,
      12.918929
     ]
    ]
   },
   "properties": {
    "segment_id": "R-207",
    "name": "9th Cross Road",
    "kind": "lakeside",
    "highway": "residential",
    "oneway": false,
    "from_node": "306622987",
    "to_node": "306623023",
    "length_m": 39,
    "elevation_m": 889.0,
    "is_low_point": false,
    "drain_distance_m": 227,
    "drain_capacity_mm_hr": 26,
    "history_score": 0.44,
    "water_distance_m": 91
   }
  },
  {
   "type": "Feature",
   "geometry": {
    "type": "LineString",
    "coordinates": [
     [
      77.653193,
      12.918939
     ],
     [
      77.654039,
      12.918959
     ]
    ]
   },
   "properties": {
    "segment_id": "R-208",
    "name": "9th Cross Road",
    "kind": "lakeside",
    "highway": "residential",
    "oneway": false,
    "from_node": "306623000",
    "to_node": "1054699509",
    "length_m": 92,
    "elevation_m": 889.0,
    "is_low_point": false,
    "drain_distance_m": 219,
    "drain_capacity_mm_hr": 23,
    "history_score": 0.43,
    "water_distance_m": 6
   }
  },
  {
   "type": "Feature",
   "geometry": {
    "type": "LineString",
    "coordinates": [
     [
      77.653193,
      12.918939
     ],
     [
      77.652895,
      12.918929
     ]
    ]
   },
   "properties": {
    "segment_id": "R-209",
    "name": "9th Cross Road",
    "kind": "lakeside",
    "highway": "residential",
    "oneway": false,
    "from_node": "306623000",
    "to_node": "306623023",
    "length_m": 32,
    "elevation_m": 888.0,
    "is_low_point": false,
    "drain_distance_m": 276,
    "drain_capacity_mm_hr": 25,
    "history_score": 0.45,
    "water_distance_m": 55
   }
  },
  {
   "type": "Feature",
   "geometry": {
    "type": "LineString",
    "coordinates": [
     [
      77.653193,
      12.918939
     ],
     [
      77.653207,
      12.918094
     ]
    ]
   },
   "properties": {
    "segment_id": "R-210",
    "name": "29th B Main Road",
    "kind": "lakeside",
    "highway": "residential",
    "oneway": false,
    "from_node": "306623000",
    "to_node": "306623034",
    "length_m": 94,
    "elevation_m": 890.0,
    "is_low_point": false,
    "drain_distance_m": 248,
    "drain_capacity_mm_hr": 23,
    "history_score": 0.52,
    "water_distance_m": 46
   }
  },
  {
   "type": "Feature",
   "geometry": {
    "type": "LineString",
    "coordinates": [
     [
      77.652895,
      12.918929
     ],
     [
      77.65291,
      12.918086
     ]
    ]
   },
   "properties": {
    "segment_id": "R-211",
    "name": "29th A Main",
    "kind": "lakeside",
    "highway": "residential",
    "oneway": false,
    "from_node": "306623023",
    "to_node": "306623026",
    "length_m": 94,
    "elevation_m": 890.5,
    "is_low_point": false,
    "drain_distance_m": 252,
    "drain_capacity_mm_hr": 28,
    "history_score": 0.41,
    "water_distance_m": 78
   }
  },
  {
   "type": "Feature",
   "geometry": {
    "type": "LineString",
    "coordinates": [
     [
      77.65291,
      12.918086
     ],
     [
      77.653207,
      12.918094
     ]
    ]
   },
   "properties": {
    "segment_id": "R-212",
    "name": "10th Cross Road",
    "kind": "lakeside",
    "highway": "residential",
    "oneway": false,
    "from_node": "306623026",
    "to_node": "306623034",
    "length_m": 32,
    "elevation_m": 892.5,
    "is_low_point": false,
    "drain_distance_m": 219,
    "drain_capacity_mm_hr": 23,
    "history_score": 0.36,
    "water_distance_m": 69
   }
  },
  {
   "type": "Feature",
   "geometry": {
    "type": "LineString",
    "coordinates": [
     [
      77.651778,
      12.924238
     ],
     [
      77.651783,
      12.924277
     ]
    ]
   },
   "properties": {
    "segment_id": "R-213",
    "name": "27th Main Road",
    "kind": "lakeside",
    "highway": "secondary",
    "oneway": false,
    "from_node": "650140477",
    "to_node": "1608973482",
    "length_m": 4,
    "elevation_m": 883.0,
    "is_low_point": false,
    "drain_distance_m": 201,
    "drain_capacity_mm_hr": 23,
    "history_score": 0.63,
    "water_distance_m": 57
   }
  },
  {
   "type": "Feature",
   "geometry": {
    "type": "LineString",
    "coordinates": [
     [
      77.651778,
      12.924238
     ],
     [
      77.651762,
      12.924148
     ],
     [
      77.651753,
      12.924097
     ]
    ]
   },
   "properties": {
    "segment_id": "R-214",
    "name": "27th Main Road",
    "kind": "lakeside",
    "highway": "secondary",
    "oneway": false,
    "from_node": "650140477",
    "to_node": "11533595484",
    "length_m": 16,
    "elevation_m": 882.5,
    "is_low_point": false,
    "drain_distance_m": 297,
    "drain_capacity_mm_hr": 24,
    "history_score": 0.65,
    "water_distance_m": 53
   }
  },
  {
   "type": "Feature",
   "geometry": {
    "type": "LineString",
    "coordinates": [
     [
      77.651778,
      12.924238
     ],
     [
      77.650925,
      12.924369
     ],
     [
      77.650456,
      12.924423
     ],
     [
      77.650367,
      12.924422
     ],
     [
      77.650338,
      12.924421
     ],
     [
      77.649981,
      12.924415
     ]
    ]
   },
   "properties": {
    "segment_id": "R-215",
    "name": "Unnamed road",
    "kind": "lakeside",
    "highway": "primary",
    "oneway": true,
    "from_node": "650140477",
    "to_node": "12203527486",
    "length_m": 196,
    "elevation_m": 883.0,
    "is_low_point": false,
    "drain_distance_m": 213,
    "drain_capacity_mm_hr": 26,
    "history_score": 0.7,
    "water_distance_m": 35
   }
  },
  {
   "type": "Feature",
   "geometry": {
    "type": "LineString",
    "coordinates": [
     [
      77.643115,
      12.919825
     ],
     [
      77.643034,
      12.919878
     ]
    ]
   },
   "properties": {
    "segment_id": "R-216",
    "name": "7th Cross Road",
    "kind": "lakeside",
    "highway": "tertiary",
    "oneway": false,
    "from_node": "650140575",
    "to_node": "650141428",
    "length_m": 11,
    "elevation_m": 877.5,
    "is_low_point": false,
    "drain_distance_m": 287,
    "drain_capacity_mm_hr": 25,
    "history_score": 0.76,
    "water_distance_m": 49
   }
  },
  {
   "type": "Feature",
   "geometry": {
    "type": "LineString",
    "coordinates": [
     [
      77.643115,
      12.919825
     ],
     [
      77.643178,
      12.919793
     ]
    ]
   },
   "properties": {
    "segment_id": "R-217",
    "name": "7th Cross Road",
    "kind": "lakeside",
    "highway": "tertiary",
    "oneway": false,
    "from_node": "650140575",
    "to_node": "2400167287",
    "length_m": 8,
    "elevation_m": 878.0,
    "is_low_point": false,
    "drain_distance_m": 244,
    "drain_capacity_mm_hr": 25,
    "history_score": 0.67,
    "water_distance_m": 58
   }
  },
  {
   "type": "Feature",
   "geometry": {
    "type": "LineString",
    "coordinates": [
     [
      77.644977,
      12.922026
     ],
     [
      77.644915,
      12.922081
     ]
    ]
   },
   "properties": {
    "segment_id": "R-218",
    "name": "19th Main Road",
    "kind": "lakeside",
    "highway": "secondary",
    "oneway": false,
    "from_node": "650141020",
    "to_node": "2385141385",
    "length_m": 9,
    "elevation_m": 878.0,
    "is_low_point": false,
    "drain_distance_m": 294,
    "drain_capacity_mm_hr": 22,
    "history_score": 0.73,
    "water_distance_m": 49
   }
  },
  {
   "type": "Feature",
   "geometry": {
    "type": "LineString",
    "coordinates": [
     [
      77.644977,
      12.922026
     ],
     [
      77.645,
      12.921992
     ],
     [
      77.64504,
      12.921926
     ]
    ]
   },
   "properties": {
    "segment_id": "R-219",
    "name": "19th Main Road",
    "kind": "lakeside",
    "highway": "secondary",
    "oneway": false,
    "from_node": "650141020",
    "to_node": "2387017507",
    "length_m": 13,
    "elevation_m": 878.5,
    "is_low_point": false,
    "drain_distance_m": 240,
    "drain_capacity_mm_hr": 27,
    "history_score": 0.63,
    "water_distance_m": 60
   }
  },
  {
   "type": "Feature",
   "geometry": {
    "type": "LineString",
    "coordinates": [
     [
      77.644977,
      12.922026
     ],
     [
      77.64492,
      12.921974
     ],
     [
      77.644827,
      12.921881
     ],
     [
      77.644668,
      12.921713
     ],
     [
      77.643217,
      12.91996
     ],
     [
      77.643115,
      12.919825
     ]
    ]
   },
   "properties": {
    "segment_id": "R-220",
    "name": "Outer Ring Road",
    "kind": "lakeside",
    "highway": "trunk",
    "oneway": true,
    "from_node": "650141020",
    "to_node": "650140575",
    "length_m": 317,
    "elevation_m": 878.0,
    "is_low_point": false,
    "drain_distance_m": 205,
    "drain_capacity_mm_hr": 26,
    "history_score": 0.66,
    "water_distance_m": 57
   }
  },
  {
   "type": "Feature",
   "geometry": {
    "type": "LineString",
    "coordinates": [
     [
      77.643034,
      12.919878
     ],
     [
      77.644658,
      12.921835
     ],
     [
      77.644799,
      12.921972
     ],
     [
      77.644863,
      12.922034
     ],
     [
      77.644915,
      12.922081
     ]
    ]
   },
   "properties": {
    "segment_id": "R-221",
    "name": "Outer Ring Road",
    "kind": "lakeside",
    "highway": "trunk",
    "oneway": true,
    "from_node": "650141428",
    "to_node": "2385141385",
    "length_m": 319,
    "elevation_m": 877.5,
    "is_low_point": false,
    "drain_distance_m": 230,
    "drain_capacity_mm_hr": 25,
    "history_score": 0.84,
    "water_distance_m": 47
   }
  },
  {
   "type": "Feature",
   "geometry": {
    "type": "LineString",
    "coordinates": [
     [
      77.647555,
      12.924158
     ],
     [
      77.647762,
      12.924251
     ],
     [
      77.647881,
      12.924291
     ],
     [
      77.648106,
      12.924354
     ],
     [
      77.648413,
      12.924409
     ],
     [
      77.648714,
      12.924448
     ],
     [
      77.64986,
      12.924527
     ],
     [
      77.650182,
      12.924544
     ],
     [
      77.650513,
      12.924534
     ],
     [
      77.650803,
      12.924509
     ],
     [
      77.651232,
      12.924442
     ],
     [
      77.651976,
      12.924298
     ],
     [
      77.653088,
      12.924073
     ],
     [
      77.654106,
      12.923864
     ],
     [
      77.654392,
      12.923795
     ]
    ]
   },
   "properties": {
    "segment_id": "R-222",
    "name": "Outer Ring Road",
    "kind": "flyover",
    "highway": "trunk",
    "oneway": true,
    "from_node": "650141496",
    "to_node": "1645178612",
    "length_m": 754,
    "elevation_m": 883.5,
    "is_low_point": false,
    "drain_distance_m": 40,
    "drain_capacity_mm_hr": 51,
    "history_score": 0.0,
    "water_distance_m": 33
   }
  },
  {
   "type": "Feature",
   "geometry": {
    "type": "LineString",
    "coordinates": [
     [
      77.650454,
      12.924483
     ],
     [
      77.650897,
      12.924441
     ],
     [
      77.651674,
      12.924295
     ],
     [
      77.651783,
      12.924277
     ]
    ]
   },
   "properties": {
    "segment_id": "R-223",
    "name": "Sarjapur Road",
    "kind": "lakeside",
    "highway": "primary",
    "oneway": true,
    "from_node": "747663279",
    "to_node": "1608973482",
    "length_m": 146,
    "elevation_m": 883.5,
    "is_low_point": false,
    "drain_distance_m": 223,
    "drain_capacity_mm_hr": 27,
    "history_score": 0.63,
    "water_distance_m": 26
   }
  },
  {
   "type": "Feature",
   "geometry": {
    "type": "LineString",
    "coordinates": [
     [
      77.653948,
      12.916724
     ],
     [
      77.653608,
      12.916736
     ]
    ]
   },
   "properties": {
    "segment_id": "R-224",
    "name": "11th A Cross Road",
    "kind": "residential",
    "highway": "residential",
    "oneway": false,
    "from_node": "1054699489",
    "to_node": "1054699551",
    "length_m": 37,
    "elevation_m": 895.5,
    "is_low_point": false,
    "drain_distance_m": 139,
    "drain_capacity_mm_hr": 29,
    "history_score": 0.4,
    "water_distance_m": 161
   }
  },
  {
   "type": "Feature",
   "geometry": {
    "type": "LineString",
    "coordinates": [
     [
      77.66359,
      12.921119
     ],
     [
      77.663695,
      12.92182
     ],
     [
      77.663719,
      12.921929
     ],
     [
      77.663789,
      12.922327
     ]
    ]
   },
   "properties": {
    "segment_id": "R-225",
    "name": "5th Main Road",
    "kind": "residential",
    "highway": "residential",
    "oneway": false,
    "from_node": "1083500526",
    "to_node": "3149622352",
    "length_m": 136,
    "elevation_m": 888.0,
    "is_low_point": false,
    "drain_distance_m": 124,
    "drain_capacity_mm_hr": 36,
    "history_score": 0.49,
    "water_distance_m": 222
   }
  },
  {
   "type": "Feature",
   "geometry": {
    "type": "LineString",
    "coordinates": [
     [
      77.66359,
      12.921119
     ],
     [
      77.663956,
      12.921017
     ],
     [
      77.664306,
      12.92092
     ],
     [
      77.664632,
      12.920837
     ],
     [
      77.664743,
      12.920811
     ],
     [
      77.664846,
      12.920811
     ]
    ]
   },
   "properties": {
    "segment_id": "R-226",
    "name": "Outer Ring Road",
    "kind": "arterial",
    "highway": "trunk",
    "oneway": true,
    "from_node": "1083500526",
    "to_node": "2387123504",
    "length_m": 141,
    "elevation_m": 888.0,
    "is_low_point": false,
    "drain_distance_m": 122,
    "drain_capacity_mm_hr": 44,
    "history_score": 0.56,
    "water_distance_m": 219
   }
  },
  {
   "type": "Feature",
   "geometry": {
    "type": "LineString",
    "coordinates": [
     [
      77.662906,
      12.921278
     ],
     [
      77.662925,
      12.921417
     ],
     [
      77.662994,
      12.921803
     ]
    ]
   },
   "properties": {
    "segment_id": "R-227",
    "name": "3rd Main Road",
    "kind": "residential",
    "highway": "residential",
    "oneway": false,
    "from_node": "1083500529",
    "to_node": "3149619851",
    "length_m": 59,
    "elevation_m": 891.5,
    "is_low_point": false,
    "drain_distance_m": 113,
    "drain_capacity_mm_hr": 26,
    "history_score": 0.4,
    "water_distance_m": 304
   }
  },
  {
   "type": "Feature",
   "geometry": {
    "type": "LineString",
    "coordinates": [
     [
      77.662906,
      12.921278
     ],
     [
      77.663078,
      12.921238
     ],
     [
      77.66359,
      12.921119
     ]
    ]
   },
   "properties": {
    "segment_id": "R-228",
    "name": "Outer Ring Road",
    "kind": "arterial",
    "highway": "trunk",
    "oneway": true,
    "from_node": "1083500529",
    "to_node": "1083500526",
    "length_m": 76,
    "elevation_m": 890.0,
    "is_low_point": false,
    "drain_distance_m": 82,
    "drain_capacity_mm_hr": 40,
    "history_score": 0.32,
    "water_distance_m": 293
   }
  },
  {
   "type": "Feature",
   "geometry": {
    "type": "LineString",
    "coordinates": [
     [
      77.662046,
      12.926445
     ],
     [
      77.662136,
      12.92652
     ]
    ]
   },
   "properties": {
    "segment_id": "R-229",
    "name": "6th Main Road",
    "kind": "residential",
    "highway": "residential",
    "oneway": false,
    "from_node": "1132734424",
    "to_node": "7262783224",
    "length_m": 13,
    "elevation_m": 881.5,
    "is_low_point": false,
    "drain_distance_m": 140,
    "drain_capacity_mm_hr": 24,
    "history_score": 0.63,
    "water_distance_m": 213
   }
  },
  {
   "type": "Feature",
   "geometry": {
    "type": "LineString",
    "coordinates": [
     [
      77.662046,
      12.926445
     ],
     [
      77.661998,
      12.92648
     ],
     [
      77.66196,
      12.926508
     ],
     [
      77.661755,
      12.926666
     ]
    ]
   },
   "properties": {
    "segment_id": "R-230",
    "name": "Unnamed road",
    "kind": "residential",
    "highway": "residential",
    "oneway": true,
    "from_node": "1132734424",
    "to_node": "6141960237",
    "length_m": 40,
    "elevation_m": 880.5,
    "is_low_point": false,
    "drain_distance_m": 115,
    "drain_capacity_mm_hr": 27,
    "history_score": 0.67,
    "water_distance_m": 231
   }
  },
  {
   "type": "Feature",
   "geometry": {
    "type": "LineString",
    "coordinates": [
     [
      77.665364,
      12.923676
     ],
     [
      77.665365,
      12.923752
     ]
    ]
   },
   "properties": {
    "segment_id": "R-231",
    "name": "6th Main Road",
    "kind": "lakeside",
    "highway": "tertiary",
    "oneway": false,
    "from_node": "1305577009",
    "to_node": "13143804928",
    "length_m": 8,
    "elevation_m": 878.0,
    "is_low_point": false,
    "drain_distance_m": 245,
    "drain_capacity_mm_hr": 26,
    "history_score": 0.76,
    "water_distance_m": 81
   }
  },
  {
   "type": "Feature",
   "geometry": {
    "type": "LineString",
    "coordinates": [
     [
      77.665364,
      12.923676
     ],
     [
      77.665395,
      12.923587
     ],
     [
      77.665367,
      12.923101
     ],
     [
      77.665337,
      12.923056
     ]
    ]
   },
   "properties": {
    "segment_id": "R-232",
    "name": "6th Main Road",
    "kind": "lakeside",
    "highway": "tertiary",
    "oneway": false,
    "from_node": "1305577009",
    "to_node": "7298619223",
    "length_m": 71,
    "elevation_m": 879.5,
    "is_low_point": false,
    "drain_distance_m": 279,
    "drain_capacity_mm_hr": 28,
    "history_score": 0.72,
    "water_distance_m": 56
   }
  },
  {
   "type": "Feature",
   "geometry": {
    "type": "LineString",
    "coordinates": [
     [
      77.651783,
      12.924277
     ],
     [
      77.651805,
      12.924408
     ]
    ]
   },
   "properties": {
    "segment_id": "R-233",
    "name": "27th Main Road",
    "kind": "lakeside",
    "highway": "secondary",
    "oneway": false,
    "from_node": "1608973482",
    "to_node": "2406079712",
    "length_m": 15,
    "elevation_m": 883.0,
    "is_low_point": false,
    "drain_distance_m": 293,
    "drain_capacity_mm_hr": 26,
    "history_score": 0.61,
    "water_distance_m": 61
   }
  },
  {
   "type": "Feature",
   "geometry": {
    "type": "LineString",
    "coordinates": [
     [
      77.651783,
      12.924277
     ],
     [
      77.651806,
      12.924252
     ]
    ]
   },
   "properties": {
    "segment_id": "R-234",
    "name": "Sarjapur Road",
    "kind": "lakeside",
    "highway": "primary",
    "oneway": true,
    "from_node": "1608973482",
    "to_node": "12698220783",
    "length_m": 4,
    "elevation_m": 883.0,
    "is_low_point": false,
    "drain_distance_m": 265,
    "drain_capacity_mm_hr": 25,
    "history_score": 0.7,
    "water_distance_m": 58
   }
  },
  {
   "type": "Feature",
   "geometry": {
    "type": "LineString",
    "coordinates": [
     [
      77.647346,
      12.924061
     ],
     [
      77.64755,
      12.924096
     ],
     [
      77.647797,
      12.92419
     ],
     [
      77.647931,
      12.924237
     ],
     [
      77.64808,
      12.924275
     ],
     [
      77.6485,
      12.924355
     ],
     [
      77.649053,
      12.92441
     ],
     [
      77.64977,
      12.924456
     ],
     [
      77.649974,
      12.92447
     ]
    ]
   },
   "properties": {
    "segment_id": "R-235",
    "name": "Outer Ring Road",
    "kind": "lakeside",
    "highway": "primary",
    "oneway": true,
    "from_node": "1645178560",
    "to_node": "6463569335",
    "length_m": 290,
    "elevation_m": 881.5,
    "is_low_point": false,
    "drain_distance_m": 207,
    "drain_capacity_mm_hr": 27,
    "history_score": 0.56,
    "water_distance_m": 147
   }
  },
  {
   "type": "Feature",
   "geometry": {
    "type": "LineString",
    "coordinates": [
     [
      77.647346,
      12.924061
     ],
     [
      77.647417,
      12.92409
     ],
     [
      77.647555,
      12.924158
     ]
    ]
   },
   "properties": {
    "segment_id": "R-236",
    "name": "Outer Ring Road",
    "kind": "arterial",
    "highway": "trunk",
    "oneway": true,
    "from_node": "1645178560",
    "to_node": "650141496",
    "length_m": 25,
    "elevation_m": 880.0,
    "is_low_point": false,
    "drain_distance_m": 122,
    "drain_capacity_mm_hr": 41,
    "history_score": 0.66,
    "water_distance_m": 204
   }
  },
  {
   "type": "Feature",
   "geometry": {
    "type": "LineString",
    "coordinates": [
     [
      77.662419,
      12.921189
     ],
     [
      77.662394,
      12.921281
     ]
    ]
   },
   "properties": {
    "segment_id": "R-237",
    "name": "Unnamed road",
    "kind": "arterial",
    "highway": "primary",
    "oneway": false,
    "from_node": "1645178566",
    "to_node": "11865827584",
    "length_m": 11,
    "elevation_m": 892.5,
    "is_low_point": false,
    "drain_distance_m": 79,
    "drain_capacity_mm_hr": 41,
    "history_score": 0.36,
    "water_distance_m": 372
   }
  },
  {
   "type": "Feature",
   "geometry": {
    "type": "LineString",
    "coordinates": [
     [
      77.662419,
      12.921189
     ],
     [
      77.662077,
      12.921285
     ],
     [
      77.661199,
      12.92151
     ]
    ]
   },
   "properties": {
    "segment_id": "R-238",
    "name": "Sarjapura Road",
    "kind": "residential",
    "highway": "tertiary",
    "oneway": true,
    "from_node": "1645178566",
    "to_node": "14185013474",
    "length_m": 137,
    "elevation_m": 893.5,
    "is_low_point": false,
    "drain_distance_m": 194,
    "drain_capacity_mm_hr": 32,
    "history_score": 0.29,
    "water_distance_m": 427
   }
  },
  {
   "type": "Feature",
   "geometry": {
    "type": "LineString",
    "coordinates": [
     [
      77.654392,
      12.923795
     ],
     [
      77.655018,
      12.923673
     ],
     [
      77.655386,
      12.923603
     ],
     [
      77.655651,
      12.923533
     ],
     [
      77.655753,
      12.923497
     ],
     [
      77.656513,
      12.923252
     ],
     [
      77.659737,
      12.922123
     ],
     [
      77.660004,
      12.922027
     ],
     [
      77.660241,
      12.921954
     ],
     [
      77.661247,
      12.921701
     ]
    ]
   },
   "properties": {
    "segment_id": "R-239",
    "name": "Outer Ring Road",
    "kind": "arterial",
    "highway": "trunk",
    "oneway": true,
    "from_node": "1645178612",
    "to_node": "14185013475",
    "length_m": 780,
    "elevation_m": 890.5,
    "is_low_point": false,
    "drain_distance_m": 76,
    "drain_capacity_mm_hr": 43,
    "history_score": 0.21,
    "water_distance_m": 580
   }
  },
  {
   "type": "Feature",
   "geometry": {
    "type": "LineString",
    "coordinates": [
     [
      77.652775,
      12.921068
     ],
     [
      77.653029,
      12.921042
     ]
    ]
   },
   "properties": {
    "segment_id": "R-240",
    "name": "3rd Cross Road",
    "kind": "residential",
    "highway": "residential",
    "oneway": false,
    "from_node": "1687826506",
    "to_node": "6505392518",
    "length_m": 28,
    "elevation_m": 885.5,
    "is_low_point": false,
    "drain_distance_m": 125,
    "drain_capacity_mm_hr": 29,
    "history_score": 0.49,
    "water_distance_m": 169
   }
  },
  {
   "type": "Feature",
   "geometry": {
    "type": "LineString",
    "coordinates": [
     [
      77.652775,
      12.921068
     ],
     [
      77.651789,
      12.921176
     ]
    ]
   },
   "properties": {
    "segment_id": "R-241",
    "name": "3rd Cross Road",
    "kind": "residential",
    "highway": "residential",
    "oneway": false,
    "from_node": "1687826506",
    "to_node": "6208444685",
    "length_m": 108,
    "elevation_m": 884.5,
    "is_low_point": false,
    "drain_distance_m": 196,
    "drain_capacity_mm_hr": 25,
    "history_score": 0.61,
    "water_distance_m": 203
   }
  },
  {
   "type": "Feature",
   "geometry": {
    "type": "LineString",
    "coordinates": [
     [
      77.652775,
      12.921068
     ],
     [
      77.652773,
      12.92094
     ],
     [
      77.652772,
      12.920888
     ]
    ]
   },
   "properties": {
    "segment_id": "R-242",
    "name": "Unnamed road",
    "kind": "residential",
    "highway": "residential",
    "oneway": false,
    "from_node": "1687826506",
    "to_node": "11831380333",
    "length_m": 20,
    "elevation_m": 884.5,
    "is_low_point": false,
    "drain_distance_m": 195,
    "drain_capacity_mm_hr": 31,
    "history_score": 0.66,
    "water_distance_m": 168
   }
  },
  {
   "type": "Feature",
   "geometry": {
    "type": "LineString",
    "coordinates": [
     [
      77.665413,
      12.925972
     ],
     [
      77.665408,
      12.925842
     ]
    ]
   },
   "properties": {
    "segment_id": "R-243",
    "name": "6th Main Road",
    "kind": "lakeside",
    "highway": "tertiary",
    "oneway": false,
    "from_node": "1748486107",
    "to_node": "7262783220",
    "length_m": 14,
    "elevation_m": 877.0,
    "is_low_point": false,
    "drain_distance_m": 227,
    "drain_capacity_mm_hr": 26,
    "history_score": 0.64,
    "water_distance_m": 120
   }
  },
  {
   "type": "Feature",
   "geometry": {
    "type": "LineString",
    "coordinates": [
     [
      77.665413,
      12.925972
     ],
     [
      77.665414,
      12.926012
     ]
    ]
   },
   "properties": {
    "segment_id": "R-244",
    "name": "6th Main Road",
    "kind": "lakeside",
    "highway": "tertiary",
    "oneway": false,
    "from_node": "1748486107",
    "to_node": "11835357826",
    "length_m": 4,
    "elevation_m": 877.0,
    "is_low_point": false,
    "drain_distance_m": 247,
    "drain_capacity_mm_hr": 27,
    "history_score": 0.77,
    "water_distance_m": 111
   }
  },
  {
   "type": "Feature",
   "geometry": {
    "type": "LineString",
    "coordinates": [
     [
      77.665413,
      12.925972
     ],
     [
      77.665479,
      12.925971
     ],
     [
      77.666162,
      12.925951
     ],
     [
      77.666223,
      12.925949
     ],
     [
      77.666325,
      12.925946
     ]
    ]
   },
   "properties": {
    "segment_id": "R-245",
    "name": "Genesis Suncity Road",
    "kind": "lakeside",
    "highway": "residential",
    "oneway": false,
    "from_node": "1748486107",
    "to_node": "3715148338",
    "length_m": 99,
    "elevation_m": 879.5,
    "is_low_point": false,
    "drain_distance_m": 218,
    "drain_capacity_mm_hr": 27,
    "history_score": 0.69,
    "water_distance_m": 133
   }
  },
  {
   "type": "Feature",
   "geometry": {
    "type": "LineString",
    "coordinates": [
     [
      77.66635,
      12.925726
     ],
     [
      77.666325,
      12.925946
     ]
    ]
   },
   "properties": {
    "segment_id": "R-246",
    "name": "Genesis Parking Road",
    "kind": "residential",
    "highway": "residential",
    "oneway": false,
    "from_node": "1748492803",
    "to_node": "3715148338",
    "length_m": 25,
    "elevation_m": 881.5,
    "is_low_point": false,
    "drain_distance_m": 144,
    "drain_capacity_mm_hr": 32,
    "history_score": 0.54,
    "water_distance_m": 175
   }
  },
  {
   "type": "Feature",
   "geometry": {
    "type": "LineString",
    "coordinates": [
     [
      77.666082,
      12.925205
     ],
     [
      77.66607,
      12.924769
     ],
     [
      77.666061,
      12.924374
     ],
     [
      77.66604,
      12.924322
     ],
     [
      77.66601,
      12.924245
     ],
     [
      77.665995,
      12.92378
     ],
     [
      77.665975,
      12.923772
     ],
     [
      77.665949,
      12.923768
     ],
     [
      77.665468,
      12.923756
     ],
     [
      77.665424,
      12.923754
     ],
     [
      77.665365,
      12.923752
     ]
    ]
   },
   "properties": {
    "segment_id": "R-247",
    "name": "Unnamed road",
    "kind": "lakeside",
    "highway": "residential",
    "oneway": false,
    "from_node": "1827221592",
    "to_node": "13143804928",
    "length_m": 228,
    "elevation_m": 878.0,
    "is_low_point": false,
    "drain_distance_m": 233,
    "drain_capacity_mm_hr": 24,
    "history_score": 0.74,
    "water_distance_m": 150
   }
  },
  {
   "type": "Feature",
   "geometry": {
    "type": "LineString",
    "coordinates": [
     [
      77.666082,
      12.925205
     ],
     [
      77.666149,
      12.925226
     ],
     [
      77.666191,
      12.925259
     ],
     [
      77.666216,
      12.925302
     ],
     [
      77.666227,
      12.925811
     ],
     [
      77.666222,
      12.925824
     ],
     [
      77.666207,
      12.925834
     ],
     [
      77.666186,
      12.925834
     ],
     [
      77.665877,
      12.925834
     ],
     [
      77.665593,
      12.925839
     ],
     [
      77.665505,
      12.925841
     ],
     [
      77.665476,
      12.925841
     ],
     [
      77.665408,
      12.925842
     ]
    ]
   },
   "properties": {
    "segment_id": "R-248",
    "name": "Unnamed road",
    "kind": "residential",
    "highway": "residential",
    "oneway": false,
    "from_node": "1827221592",
    "to_node": "7262783220",
    "length_m": 166,
    "elevation_m": 877.5,
    "is_low_point": false,
    "drain_distance_m": 126,
    "drain_capacity_mm_hr": 34,
    "history_score": 0.75,
    "water_distance_m": 170
   }
  },
  {
   "type": "Feature",
   "geometry": {
    "type": "LineString",
    "coordinates": [
     [
      77.6649,
      12.920522
     ],
     [
      77.664691,
      12.920561
     ],
     [
      77.663651,
      12.92085
     ],
     [
      77.662419,
      12.921189
     ]
    ]
   },
   "properties": {
    "segment_id": "R-249",
    "name": "Sarjapura Road",
    "kind": "arterial",
    "highway": "primary",
    "oneway": true,
    "from_node": "1827634843",
    "to_node": "1645178566",
    "length_m": 279,
    "elevation_m": 888.0,
    "is_low_point": false,
    "drain_distance_m": 136,
    "drain_capacity_mm_hr": 41,
    "history_score": 0.51,
    "water_distance_m": 281
   }
  },
  {
   "type": "Feature",
   "geometry": {
    "type": "LineString",
    "coordinates": [
     [
      77.644915,
      12.922081
     ],
     [
      77.646151,
      12.923213
     ],
     [
      77.646388,
      12.923424
     ],
     [
      77.64666,
      12.923646
     ],
     [
      77.647306,
      12.924036
     ],
     [
      77.647346,
      12.924061
     ]
    ]
   },
   "properties": {
    "segment_id": "R-250",
    "name": "Outer Ring Road",
    "kind": "lakeside",
    "highway": "trunk",
    "oneway": true,
    "from_node": "2385141385",
    "to_node": "1645178560",
    "length_m": 345,
    "elevation_m": 879.0,
    "is_low_point": false,
    "drain_distance_m": 245,
    "drain_capacity_mm_hr": 25,
    "history_score": 0.67,
    "water_distance_m": 45
   }
  },
  {
   "type": "Feature",
   "geometry": {
    "type": "LineString",
    "coordinates": [
     [
      77.647371,
      12.924187
     ],
     [
      77.647555,
      12.924158
     ]
    ]
   },
   "properties": {
    "segment_id": "R-251",
    "name": "Unnamed road",
    "kind": "arterial",
    "highway": "trunk_link",
    "oneway": true,
    "from_node": "2385141390",
    "to_node": "650141496",
    "length_m": 20,
    "elevation_m": 880.0,
    "is_low_point": false,
    "drain_distance_m": 138,
    "drain_capacity_mm_hr": 41,
    "history_score": 0.62,
    "water_distance_m": 208
   }
  },
  {
   "type": "Feature",
   "geometry": {
    "type": "LineString",
    "coordinates": [
     [
      77.647371,
      12.924187
     ],
     [
      77.647575,
      12.924294
     ],
     [
      77.647604,
      12.924306
     ],
     [
      77.647859,
      12.924412
     ],
     [
      77.648092,
      12.924473
     ],
     [
      77.648457,
      12.92453
     ],
     [
      77.649217,
      12.924589
     ],
     [
      77.649552,
      12.924618
     ]
    ]
   },
   "properties": {
    "segment_id": "R-252",
    "name": "Unnamed road",
    "kind": "residential",
    "highway": "tertiary",
    "oneway": true,
    "from_node": "2385141390",
    "to_node": "3826045400",
    "length_m": 244,
    "elevation_m": 879.0,
    "is_low_point": false,
    "drain_distance_m": 199,
    "drain_capacity_mm_hr": 30,
    "history_score": 0.71,
    "water_distance_m": 158
   }
  },
  {
   "type": "Feature",
   "geometry": {
    "type": "LineString",
    "coordinates": [
     [
      77.64504,
      12.921926
     ],
     [
      77.645,
      12.92189
     ],
     [
      77.644814,
      12.921701
     ],
     [
      77.644702,
      12.921574
     ],
     [
      77.644494,
      12.921321
     ],
     [
      77.644208,
      12.920938
     ],
     [
      77.643178,
      12.919793
     ]
    ]
   },
   "properties": {
    "segment_id": "R-253",
    "name": "Unnamed road",
    "kind": "lakeside",
    "highway": "tertiary",
    "oneway": true,
    "from_node": "2387017507",
    "to_node": "2400167287",
    "length_m": 312,
    "elevation_m": 878.5,
    "is_low_point": false,
    "drain_distance_m": 241,
    "drain_capacity_mm_hr": 25,
    "history_score": 0.65,
    "water_distance_m": 67
   }
  },
  {
   "type": "Feature",
   "geometry": {
    "type": "LineString",
    "coordinates": [
     [
      77.64504,
      12.921926
     ],
     [
      77.645042,
      12.921872
     ],
     [
      77.645044,
      12.9218
     ],
     [
      77.645046,
      12.921703
     ],
     [
      77.645048,
      12.921611
     ],
     [
      77.645039,
      12.920937
     ]
    ]
   },
   "properties": {
    "segment_id": "R-254",
    "name": "19th Main Road",
    "kind": "lakeside",
    "highway": "secondary",
    "oneway": false,
    "from_node": "2387017507",
    "to_node": "6130226927",
    "length_m": 110,
    "elevation_m": 880.5,
    "is_low_point": false,
    "drain_distance_m": 276,
    "drain_capacity_mm_hr": 24,
    "history_score": 0.69,
    "water_distance_m": 104
   }
  },
  {
   "type": "Feature",
   "geometry": {
    "type": "LineString",
    "coordinates": [
     [
      77.646666,
      12.92338
     ],
     [
      77.645548,
      12.922388
     ]
    ]
   },
   "properties": {
    "segment_id": "R-255",
    "name": "Unnamed road",
    "kind": "lakeside",
    "highway": "tertiary",
    "oneway": true,
    "from_node": "2387017508",
    "to_node": "6131800547",
    "length_m": 164,
    "elevation_m": 879.5,
    "is_low_point": false,
    "drain_distance_m": 220,
    "drain_capacity_mm_hr": 27,
    "history_score": 0.71,
    "water_distance_m": 57
   }
  },
  {
   "type": "Feature",
   "geometry": {
    "type": "LineString",
    "coordinates": [
     [
      77.664846,
      12.920811
     ],
     [
      77.664948,
      12.920694
     ]
    ]
   },
   "properties": {
    "segment_id": "R-256",
    "name": "Unnamed road",
    "kind": "arterial",
    "highway": "primary",
    "oneway": true,
    "from_node": "2387123504",
    "to_node": "3803663193",
    "length_m": 17,
    "elevation_m": 886.0,
    "is_low_point": false,
    "drain_distance_m": 101,
    "drain_capacity_mm_hr": 47,
    "history_score": 0.57,
    "water_distance_m": 160
   }
  },
  {
   "type": "Feature",
   "geometry": {
    "type": "LineString",
    "coordinates": [
     [
      77.664846,
      12.920811
     ],
     [
      77.664945,
      12.920827
     ],
     [
      77.665051,
      12.920841
     ],
     [
      77.665173,
      12.920853
     ],
     [
      77.665269,
      12.920874
     ],
     [
      77.665316,
      12.920887
     ],
     [
      77.665448,
      12.920915
     ],
     [
      77.665559,
      12.920934
     ]
    ]
   },
   "properties": {
    "segment_id": "R-257",
    "name": "Outer Ring Road",
    "kind": "lakeside",
    "highway": "trunk",
    "oneway": true,
    "from_node": "2387123504",
    "to_node": "262268684",
    "length_m": 78,
    "elevation_m": 886.5,
    "is_low_point": false,
    "drain_distance_m": 297,
    "drain_capacity_mm_hr": 23,
    "history_score": 0.55,
    "water_distance_m": 125
   }
  },
  {
   "type": "Feature",
   "geometry": {
    "type": "LineString",
    "coordinates": [
     [
      77.650291,
      12.924303
     ],
     [
      77.650133,
      12.924293
     ]
    ]
   },
   "properties": {
    "segment_id": "R-258",
    "name": "Unnamed road",
    "kind": "lakeside",
    "highway": "tertiary",
    "oneway": true,
    "from_node": "2387127863",
    "to_node": "2388266844",
    "length_m": 17,
    "elevation_m": 884.5,
    "is_low_point": false,
    "drain_distance_m": 216,
    "drain_capacity_mm_hr": 23,
    "history_score": 0.59,
    "water_distance_m": 91
   }
  },
  {
   "type": "Feature",
   "geometry": {
    "type": "LineString",
    "coordinates": [
     [
      77.649906,
      12.924648
     ],
     [
      77.650174,
      12.924642
     ],
     [
      77.650241,
      12.92464
     ],
     [
      77.650315,
      12.924644
     ],
     [
      77.650333,
      12.924644
     ],
     [
      77.650556,
      12.924633
     ],
     [
      77.650594,
      12.924631
     ],
     [
      77.650643,
      12.924625
     ],
     [
      77.650933,
      12.92459
     ],
     [
      77.651448,
      12.924487
     ],
     [
      77.65152,
      12.924473
     ],
     [
      77.651698,
      12.924432
     ],
     [
      77.651805,
      12.924408
     ]
    ]
   },
   "properties": {
    "segment_id": "R-259",
    "name": "Unnamed road",
    "kind": "lakeside",
    "highway": "tertiary",
    "oneway": true,
    "from_node": "2387385680",
    "to_node": "2406079712",
    "length_m": 208,
    "elevation_m": 882.0,
    "is_low_point": false,
    "drain_distance_m": 209,
    "drain_capacity_mm_hr": 25,
    "history_score": 0.75,
    "water_distance_m": 20
   }
  },
  {
   "type": "Feature",
   "geometry": {
    "type": "LineString",
    "coordinates": [
     [
      77.649906,
      12.924648
     ],
     [
      77.650282,
      12.924571
     ],
     [
      77.650307,
      12.924566
     ],
     [
      77.650388,
      12.924524
     ],
     [
      77.650454,
      12.924483
     ]
    ]
   },
   "properties": {
    "segment_id": "R-260",
    "name": "Sarjapur Road",
    "kind": "lakeside",
    "highway": "primary",
    "oneway": true,
    "from_node": "2387385680",
    "to_node": "747663279",
    "length_m": 63,
    "elevation_m": 882.5,
    "is_low_point": false,
    "drain_distance_m": 246,
    "drain_capacity_mm_hr": 27,
    "history_score": 0.56,
    "water_distance_m": 63
   }
  },
  {
   "type": "Feature",
   "geometry": {
    "type": "LineString",
    "coordinates": [
     [
      77.648077,
      12.923523
     ],
     [
      77.647995,
      12.92343
     ],
     [
      77.647969,
      12.923247
     ]
    ]
   },
   "properties": {
    "segment_id": "R-261",
    "name": "Unnamed road",
    "kind": "residential",
    "highway": "residential",
    "oneway": false,
    "from_node": "2388266803",
    "to_node": "2388266830",
    "length_m": 34,
    "elevation_m": 883.0,
    "is_low_point": false,
    "drain_distance_m": 145,
    "drain_capacity_mm_hr": 34,
    "history_score": 0.61,
    "water_distance_m": 245
   }
  },
  {
   "type": "Feature",
   "geometry": {
    "type": "LineString",
    "coordinates": [
     [
      77.648077,
      12.923523
     ],
     [
      77.648041,
      12.923573
     ],
     [
      77.647973,
      12.923614
     ],
     [
      77.647833,
      12.923586
     ],
     [
      77.647592,
      12.923514
     ],
     [
      77.647558,
      12.923503
     ],
     [
      77.647451,
      12.923471
     ]
    ]
   },
   "properties": {
    "segment_id": "R-262",
    "name": "Unnamed road",
    "kind": "residential",
    "highway": "residential",
    "oneway": false,
    "from_node": "2388266803",
    "to_node": "2509419434",
    "length_m": 74,
    "elevation_m": 882.5,
    "is_low_point": false,
    "drain_distance_m": 120,
    "drain_capacity_mm_hr": 30,
    "history_score": 0.65,
    "water_distance_m": 218
   }
  },
  {
   "type": "Feature",
   "geometry": {
    "type": "LineString",
    "coordinates": [
     [
      77.648077,
      12.923523
     ],
     [
      77.64839,
      12.923581
     ],
     [
      77.648455,
      12.923594
     ],
     [
      77.648739,
      12.923648
     ]
    ]
   },
   "properties": {
    "segment_id": "R-263",
    "name": "1st Cross Road",
    "kind": "residential",
    "highway": "residential",
    "oneway": false,
    "from_node": "2388266803",
    "to_node": "4146210958",
    "length_m": 73,
    "elevation_m": 884.0,
    "is_low_point": false,
    "drain_distance_m": 117,
    "drain_capacity_mm_hr": 36,
    "history_score": 0.56,
    "water_distance_m": 217
   }
  },
  {
   "type": "Feature",
   "geometry": {
    "type": "LineString",
    "coordinates": [
     [
      77.648019,
      12.922024
     ],
     [
      77.647991,
      12.921743
     ],
     [
      77.647868,
      12.921077
     ]
    ]
   },
   "properties": {
    "segment_id": "R-264",
    "name": "Unnamed road",
    "kind": "residential",
    "highway": "residential",
    "oneway": false,
    "from_node": "2388266812",
    "to_node": "2388266816",
    "length_m": 107,
    "elevation_m": 889.5,
    "is_low_point": false,
    "drain_distance_m": 191,
    "drain_capacity_mm_hr": 29,
    "history_score": 0.41,
    "water_distance_m": 304
   }
  },
  {
   "type": "Feature",
   "geometry": {
    "type": "LineString",
    "coordinates": [
     [
      77.648019,
      12.922024
     ],
     [
      77.648159,
      12.922023
     ],
     [
      77.648445,
      12.922014
     ],
     [
      77.648551,
      12.921994
     ]
    ]
   },
   "properties": {
    "segment_id": "R-265",
    "name": "Unnamed road",
    "kind": "residential",
    "highway": "residential",
    "oneway": false,
    "from_node": "2388266812",
    "to_node": "7432244869",
    "length_m": 58,
    "elevation_m": 888.0,
    "is_low_point": false,
    "drain_distance_m": 185,
    "drain_capacity_mm_hr": 35,
    "history_score": 0.4,
    "water_distance_m": 307
   }
  },
  {
   "type": "Feature",
   "geometry": {
    "type": "LineString",
    "coordinates": [
     [
      77.648019,
      12.922024
     ],
     [
      77.64793,
      12.922023
     ],
     [
      77.647921,
      12.922334
     ],
     [
      77.647927,
      12.922625
     ]
    ]
   },
   "properties": {
    "segment_id": "R-266",
    "name": "Unnamed road",
    "kind": "residential",
    "highway": "residential",
    "oneway": false,
    "from_node": "2388266812",
    "to_node": "2388266833",
    "length_m": 77,
    "elevation_m": 887.0,
    "is_low_point": false,
    "drain_distance_m": 136,
    "drain_capacity_mm_hr": 33,
    "history_score": 0.56,
    "water_distance_m": 261
   }
  },
  {
   "type": "Feature",
   "geometry": {
    "type": "LineString",
    "coordinates": [
     [
      77.647868,
      12.921077
     ],
     [
      77.648109,
      12.921089
     ]
    ]
   },
   "properties": {
    "segment_id": "R-267",
    "name": "Unnamed road",
    "kind": "residential",
    "highway": "residential",
    "oneway": false,
    "from_node": "2388266816",
    "to_node": "4146211277",
    "length_m": 26,
    "elevation_m": 891.5,
    "is_low_point": false,
    "drain_distance_m": 180,
    "drain_capacity_mm_hr": 30,
    "history_score": 0.31,
    "water_distance_m": 342
   }
  },
  {
   "type": "Feature",
   "geometry": {
    "type": "LineString",
    "coordinates": [
     [
      77.647969,
      12.923247
     ],
     [
      77.64796,
      12.922848
     ]
    ]
   },
   "properties": {
    "segment_id": "R-268",
    "name": "Unnamed road",
    "kind": "residential",
    "highway": "residential",
    "oneway": false,
    "from_node": "2388266830",
    "to_node": "3543166934",
    "length_m": 44,
    "elevation_m": 884.0,
    "is_low_point": false,
    "drain_distance_m": 155,
    "drain_capacity_mm_hr": 28,
    "history_score": 0.65,
    "water_distance_m": 240
   }
  },
  {
   "type": "Feature",
   "geometry": {
    "type": "LineString",
    "coordinates": [
     [
      77.647969,
      12.923247
     ],
     [
      77.648369,
      12.923244
     ],
     [
      77.648448,
      12.923235
     ],
     [
      77.648476,
      12.923265
     ],
     [
      77.648721,
      12.923164
     ]
    ]
   },
   "properties": {
    "segment_id": "R-269",
    "name": "Unnamed road",
    "kind": "residential",
    "highway": "residential",
    "oneway": false,
    "from_node": "2388266830",
    "to_node": "7429952410",
    "length_m": 85,
    "elevation_m": 884.5,
    "is_low_point": false,
    "drain_distance_m": 106,
    "drain_capacity_mm_hr": 30,
    "history_score": 0.54,
    "water_distance_m": 253
   }
  },
  {
   "type": "Feature",
   "geometry": {
    "type": "LineString",
    "coordinates": [
     [
      77.647927,
      12.922625
     ],
     [
      77.647529,
      12.922619
     ]
    ]
   },
   "properties": {
    "segment_id": "R-270",
    "name": "Unnamed road",
    "kind": "residential",
    "highway": "residential",
    "oneway": false,
    "from_node": "2388266833",
    "to_node": "2509419436",
    "length_m": 43,
    "elevation_m": 885.5,
    "is_low_point": false,
    "drain_distance_m": 151,
    "drain_capacity_mm_hr": 28,
    "history_score": 0.53,
    "water_distance_m": 225
   }
  },
  {
   "type": "Feature",
   "geometry": {
    "type": "LineString",
    "coordinates": [
     [
      77.647927,
      12.922625
     ],
     [
      77.647943,
      12.922735
     ],
     [
      77.64796,
      12.922848
     ]
    ]
   },
   "properties": {
    "segment_id": "R-271",
    "name": "Unnamed road",
    "kind": "residential",
    "highway": "residential",
    "oneway": false,
    "from_node": "2388266833",
    "to_node": "3543166934",
    "length_m": 25,
    "elevation_m": 885.5,
    "is_low_point": false,
    "drain_distance_m": 125,
    "drain_capacity_mm_hr": 29,
    "history_score": 0.45,
    "water_distance_m": 244
   }
  },
  {
   "type": "Feature",
   "geometry": {
    "type": "LineString",
    "coordinates": [
     [
      77.649216,
      12.923743
     ],
     [
      77.649288,
      12.923775
     ]
    ]
   },
   "properties": {
    "segment_id": "R-272",
    "name": "1st Cross Road",
    "kind": "lakeside",
    "highway": "residential",
    "oneway": false,
    "from_node": "2388266836",
    "to_node": "6462301371",
    "length_m": 9,
    "elevation_m": 883.0,
    "is_low_point": false,
    "drain_distance_m": 257,
    "drain_capacity_mm_hr": 26,
    "history_score": 0.54,
    "water_distance_m": 150
   }
  },
  {
   "type": "Feature",
   "geometry": {
    "type": "LineString",
    "coordinates": [
     [
      77.649216,
      12.923743
     ],
     [
      77.648739,
      12.923648
     ]
    ]
   },
   "properties": {
    "segment_id": "R-273",
    "name": "1st Cross Road",
    "kind": "residential",
    "highway": "residential",
    "oneway": false,
    "from_node": "2388266836",
    "to_node": "4146210958",
    "length_m": 53,
    "elevation_m": 884.0,
    "is_low_point": false,
    "drain_distance_m": 95,
    "drain_capacity_mm_hr": 33,
    "history_score": 0.62,
    "water_distance_m": 170
   }
  },
  {
   "type": "Feature",
   "geometry": {
    "type": "LineString",
    "coordinates": [
     [
      77.649216,
      12.923743
     ],
     [
      77.649229,
      12.923373
     ],
     [
      77.649231,
      12.92331
     ],
     [
      77.64915,
      12.923029
     ]
    ]
   },
   "properties": {
    "segment_id": "R-274",
    "name": "Unnamed road",
    "kind": "residential",
    "highway": "residential",
    "oneway": false,
    "from_node": "2388266836",
    "to_node": "4146210953",
    "length_m": 81,
    "elevation_m": 884.5,
    "is_low_point": false,
    "drain_distance_m": 179,
    "drain_capacity_mm_hr": 32,
    "history_score": 0.53,
    "water_distance_m": 191
   }
  },
  {
   "type": "Feature",
   "geometry": {
    "type": "LineString",
    "coordinates": [
     [
      77.650133,
      12.924293
     ],
     [
      77.649997,
      12.924285
     ]
    ]
   },
   "properties": {
    "segment_id": "R-275",
    "name": "Unnamed road",
    "kind": "lakeside",
    "highway": "tertiary",
    "oneway": true,
    "from_node": "2388266844",
    "to_node": "11903564939",
    "length_m": 15,
    "elevation_m": 883.5,
    "is_low_point": false,
    "drain_distance_m": 282,
    "drain_capacity_mm_hr": 26,
    "history_score": 0.7,
    "water_distance_m": 86
   }
  },
  {
   "type": "Feature",
   "geometry": {
    "type": "LineString",
    "coordinates": [
     [
      77.643178,
      12.919793
     ],
     [
      77.643291,
      12.919724
     ],
     [
      77.643324,
      12.919705
     ],
     [
      77.644324,
      12.919641
     ],
     [
      77.644578,
      12.919631
     ],
     [
      77.644632,
      12.919626
     ],
     [
      77.64489,
      12.91961
     ],
     [
      77.644998,
      12.919604
     ]
    ]
   },
   "properties": {
    "segment_id": "R-276",
    "name": "7th Cross Road",
    "kind": "lakeside",
    "highway": "tertiary",
    "oneway": false,
    "from_node": "2400167287",
    "to_node": "2406084997",
    "length_m": 200,
    "elevation_m": 883.0,
    "is_low_point": false,
    "drain_distance_m": 204,
    "drain_capacity_mm_hr": 25,
    "history_score": 0.6,
    "water_distance_m": 146
   }
  },
  {
   "type": "Feature",
   "geometry": {
    "type": "LineString",
    "coordinates": [
     [
      77.651805,
      12.924408
     ],
     [
      77.652475,
      12.924276
     ],
     [
      77.652866,
      12.924207
     ],
     [
      77.653104,
      12.924151
     ],
     [
      77.653469,
      12.924086
     ]
    ]
   },
   "properties": {
    "segment_id": "R-277",
    "name": "Unnamed road",
    "kind": "lakeside",
    "highway": "tertiary",
    "oneway": true,
    "from_node": "2406079712",
    "to_node": "7432261686",
    "length_m": 184,
    "elevation_m": 883.5,
    "is_low_point": false,
    "drain_distance_m": 287,
    "drain_capacity_mm_hr": 26,
    "history_score": 0.66,
    "water_distance_m": 149
   }
  },
  {
   "type": "Feature",
   "geometry": {
    "type": "LineString",
    "coordinates": [
     [
      77.651633,
      12.919694
     ],
     [
      77.651642,
      12.919374
     ]
    ]
   },
   "properties": {
    "segment_id": "R-278",
    "name": "27th Main Road",
    "kind": "arterial",
    "highway": "secondary",
    "oneway": false,
    "from_node": "2406084993",
    "to_node": "10094504110",
    "length_m": 36,
    "elevation_m": 890.5,
    "is_low_point": false,
    "drain_distance_m": 107,
    "drain_capacity_mm_hr": 42,
    "history_score": 0.41,
    "water_distance_m": 204
   }
  },
  {
   "type": "Feature",
   "geometry": {
    "type": "LineString",
    "coordinates": [
     [
      77.651633,
      12.919694
     ],
     [
      77.651543,
      12.919701
     ],
     [
      77.651521,
      12.9197
     ],
     [
      77.650603,
      12.9197
     ],
     [
      77.650407,
      12.919681
     ],
     [
      77.650315,
      12.91967
     ]
    ]
   },
   "properties": {
    "segment_id": "R-279",
    "name": "7th Cross Road",
    "kind": "residential",
    "highway": "tertiary",
    "oneway": false,
    "from_node": "2406084993",
    "to_node": "10094504108",
    "length_m": 143,
    "elevation_m": 889.5,
    "is_low_point": false,
    "drain_distance_m": 135,
    "drain_capacity_mm_hr": 33,
    "history_score": 0.45,
    "water_distance_m": 276
   }
  },
  {
   "type": "Feature",
   "geometry": {
    "type": "LineString",
    "coordinates": [
     [
      77.647999,
      12.919392
     ],
     [
      77.648028,
      12.919691
     ]
    ]
   },
   "properties": {
    "segment_id": "R-280",
    "name": "Unnamed road",
    "kind": "residential",
    "highway": "residential",
    "oneway": false,
    "from_node": "2406084995",
    "to_node": "10094504105",
    "length_m": 33,
    "elevation_m": 892.0,
    "is_low_point": false,
    "drain_distance_m": 142,
    "drain_capacity_mm_hr": 26,
    "history_score": 0.4,
    "water_distance_m": 477
   }
  },
  {
   "type": "Feature",
   "geometry": {
    "type": "LineString",
    "coordinates": [
     [
      77.644998,
      12.919604
     ],
     [
      77.645039,
      12.920937
     ]
    ]
   },
   "properties": {
    "segment_id": "R-281",
    "name": "19th Main Road",
    "kind": "arterial",
    "highway": "secondary",
    "oneway": false,
    "from_node": "2406084997",
    "to_node": "6130226927",
    "length_m": 148,
    "elevation_m": 885.0,
    "is_low_point": false,
    "drain_distance_m": 118,
    "drain_capacity_mm_hr": 41,
    "history_score": 0.57,
    "water_distance_m": 185
   }
  },
  {
   "type": "Feature",
   "geometry": {
    "type": "LineString",
    "coordinates": [
     [
      77.644998,
      12.919604
     ],
     [
      77.64499,
      12.919466
     ],
     [
      77.644989,
      12.919452
     ],
     [
      77.644969,
      12.919097
     ]
    ]
   },
   "properties": {
    "segment_id": "R-282",
    "name": "19th Main Road",
    "kind": "arterial",
    "highway": "secondary",
    "oneway": false,
    "from_node": "2406084997",
    "to_node": "10213564156",
    "length_m": 56,
    "elevation_m": 889.5,
    "is_low_point": false,
    "drain_distance_m": 130,
    "drain_capacity_mm_hr": 47,
    "history_score": 0.5,
    "water_distance_m": 246
   }
  },
  {
   "type": "Feature",
   "geometry": {
    "type": "LineString",
    "coordinates": [
     [
      77.665478,
      12.921664
     ],
     [
      77.66554,
      12.921204
     ]
    ]
   },
   "properties": {
    "segment_id": "R-283",
    "name": "6th Main Road",
    "kind": "lakeside",
    "highway": "tertiary",
    "oneway": false,
    "from_node": "2406863576",
    "to_node": "13144186366",
    "length_m": 52,
    "elevation_m": 886.5,
    "is_low_point": false,
    "drain_distance_m": 232,
    "drain_capacity_mm_hr": 24,
    "history_score": 0.59,
    "water_distance_m": 71
   }
  },
  {
   "type": "Feature",
   "geometry": {
    "type": "LineString",
    "coordinates": [
     [
      77.665478,
      12.921664
     ],
     [
      77.665451,
      12.921859
     ]
    ]
   },
   "properties": {
    "segment_id": "R-284",
    "name": "6th Main Road",
    "kind": "lakeside",
    "highway": "tertiary",
    "oneway": false,
    "from_node": "2406863576",
    "to_node": "3870651477",
    "length_m": 22,
    "elevation_m": 884.5,
    "is_low_point": false,
    "drain_distance_m": 287,
    "drain_capacity_mm_hr": 27,
    "history_score": 0.49,
    "water_distance_m": 76
   }
  },
  {
   "type": "Feature",
   "geometry": {
    "type": "LineString",
    "coordinates": [
     [
      77.665478,
      12.921664
     ],
     [
      77.665395,
      12.921665
     ],
     [
      77.665374,
      12.921665
     ],
     [
      77.665353,
      12.921665
     ],
     [
      77.665315,
      12.921666
     ]
    ]
   },
   "properties": {
    "segment_id": "R-285",
    "name": "Unnamed road",
    "kind": "lakeside",
    "highway": "residential",
    "oneway": false,
    "from_node": "2406863576",
    "to_node": "5925913571",
    "length_m": 18,
    "elevation_m": 886.5,
    "is_low_point": false,
    "drain_distance_m": 263,
    "drain_capacity_mm_hr": 22,
    "history_score": 0.63,
    "water_distance_m": 83
   }
  },
  {
   "type": "Feature",
   "geometry": {
    "type": "LineString",
    "coordinates": [
     [
      77.644858,
      12.917178
     ],
     [
      77.644868,
      12.917331
     ],
     [
      77.64487,
      12.917375
     ],
     [
      77.644878,
      12.917519
     ],
     [
      77.644958,
      12.918895
     ]
    ]
   },
   "properties": {
    "segment_id": "R-286",
    "name": "19th Main Road",
    "kind": "arterial",
    "highway": "secondary",
    "oneway": false,
    "from_node": "2414635984",
    "to_node": "10213564161",
    "length_m": 191,
    "elevation_m": 889.0,
    "is_low_point": false,
    "drain_distance_m": 122,
    "drain_capacity_mm_hr": 48,
    "history_score": 0.4,
    "water_distance_m": 317
   }
  },
  {
   "type": "Feature",
   "geometry": {
    "type": "LineString",
    "coordinates": [
     [
      77.647271,
      12.921311
     ],
     [
      77.646915,
      12.921359
     ]
    ]
   },
   "properties": {
    "segment_id": "R-287",
    "name": "1st Cross Road",
    "kind": "residential",
    "highway": "residential",
    "oneway": false,
    "from_node": "2447310402",
    "to_node": "2447310404",
    "length_m": 39,
    "elevation_m": 888.0,
    "is_low_point": false,
    "drain_distance_m": 160,
    "drain_capacity_mm_hr": 25,
    "history_score": 0.53,
    "water_distance_m": 257
   }
  },
  {
   "type": "Feature",
   "geometry": {
    "type": "LineString",
    "coordinates": [
     [
      77.645908,
      12.921517
     ],
     [
      77.645899,
      12.92122
     ]
    ]
   },
   "properties": {
    "segment_id": "R-288",
    "name": "Unnamed road",
    "kind": "residential",
    "highway": "residential",
    "oneway": false,
    "from_node": "2447310403",
    "to_node": "6130226930",
    "length_m": 33,
    "elevation_m": 885.0,
    "is_low_point": false,
    "drain_distance_m": 166,
    "drain_capacity_mm_hr": 29,
    "history_score": 0.63,
    "water_distance_m": 176
   }
  },
  {
   "type": "Feature",
   "geometry": {
    "type": "LineString",
    "coordinates": [
     [
      77.645908,
      12.921517
     ],
     [
      77.646915,
      12.921359
     ]
    ]
   },
   "properties": {
    "segment_id": "R-289",
    "name": "1st Cross Road",
    "kind": "residential",
    "highway": "residential",
    "oneway": false,
    "from_node": "2447310403",
    "to_node": "2447310404",
    "length_m": 111,
    "elevation_m": 886.0,
    "is_low_point": false,
    "drain_distance_m": 178,
    "drain_capacity_mm_hr": 25,
    "history_score": 0.47,
    "water_distance_m": 207
   }
  },
  {
   "type": "Feature",
   "geometry": {
    "type": "LineString",
    "coordinates": [
     [
      77.645908,
      12.921517
     ],
     [
      77.645906,
      12.921625
     ],
     [
      77.646769,
      12.922323
     ]
    ]
   },
   "properties": {
    "segment_id": "R-290",
    "name": "Unnamed road",
    "kind": "residential",
    "highway": "residential",
    "oneway": false,
    "from_node": "2447310403",
    "to_node": "2447310406",
    "length_m": 134,
    "elevation_m": 883.5,
    "is_low_point": false,
    "drain_distance_m": 106,
    "drain_capacity_mm_hr": 28,
    "history_score": 0.59,
    "water_distance_m": 158
   }
  },
  {
   "type": "Feature",
   "geometry": {
    "type": "LineString",
    "coordinates": [
     [
      77.646915,
      12.921359
     ],
     [
      77.646931,
      12.921103
     ]
    ]
   },
   "properties": {
    "segment_id": "R-291",
    "name": "21st Main Road",
    "kind": "residential",
    "highway": "residential",
    "oneway": false,
    "from_node": "2447310404",
    "to_node": "6130226931",
    "length_m": 29,
    "elevation_m": 888.0,
    "is_low_point": false,
    "drain_distance_m": 177,
    "drain_capacity_mm_hr": 31,
    "history_score": 0.39,
    "water_distance_m": 256
   }
  },
  {
   "type": "Feature",
   "geometry": {
    "type": "LineString",
    "coordinates": [
     [
      77.646915,
      12.921359
     ],
     [
      77.646854,
      12.921899
     ],
     [
      77.646769,
      12.922323
     ]
    ]
   },
   "properties": {
    "segment_id": "R-292",
    "name": "21st Main Road",
    "kind": "residential",
    "highway": "residential",
    "oneway": false,
    "from_node": "2447310404",
    "to_node": "2447310406",
    "length_m": 108,
    "elevation_m": 885.5,
    "is_low_point": false,
    "drain_distance_m": 186,
    "drain_capacity_mm_hr": 25,
    "history_score": 0.55,
    "water_distance_m": 196
   }
  },
  {
   "type": "Feature",
   "geometry": {
    "type": "LineString",
    "coordinates": [
     [
      77.646769,
      12.922323
     ],
     [
      77.646654,
      12.922744
     ]
    ]
   },
   "properties": {
    "segment_id": "R-293",
    "name": "21st Main Road",
    "kind": "lakeside",
    "highway": "residential",
    "oneway": false,
    "from_node": "2447310406",
    "to_node": "2447310407",
    "length_m": 48,
    "elevation_m": 881.5,
    "is_low_point": false,
    "drain_distance_m": 291,
    "drain_capacity_mm_hr": 23,
    "history_score": 0.56,
    "water_distance_m": 131
   }
  },
  {
   "type": "Feature",
   "geometry": {
    "type": "LineString",
    "coordinates": [
     [
      77.646654,
      12.922744
     ],
     [
      77.64583,
      12.922039
     ]
    ]
   },
   "properties": {
    "segment_id": "R-294",
    "name": "Unnamed road",
    "kind": "lakeside",
    "highway": "residential",
    "oneway": false,
    "from_node": "2447310407",
    "to_node": "6131800546",
    "length_m": 119,
    "elevation_m": 880.0,
    "is_low_point": false,
    "drain_distance_m": 225,
    "drain_capacity_mm_hr": 25,
    "history_score": 0.62,
    "water_distance_m": 108
   }
  },
  {
   "type": "Feature",
   "geometry": {
    "type": "LineString",
    "coordinates": [
     [
      77.647355,
      12.923826
     ],
     [
      77.647451,
      12.923471
     ]
    ]
   },
   "properties": {
    "segment_id": "R-295",
    "name": "Unnamed road",
    "kind": "residential",
    "highway": "residential",
    "oneway": false,
    "from_node": "2509419432",
    "to_node": "2509419434",
    "length_m": 41,
    "elevation_m": 881.5,
    "is_low_point": false,
    "drain_distance_m": 179,
    "drain_capacity_mm_hr": 24,
    "history_score": 0.7,
    "water_distance_m": 182
   }
  },
  {
   "type": "Feature",
   "geometry": {
    "type": "LineString",
    "coordinates": [
     [
      77.647355,
      12.923826
     ],
     [
      77.647292,
      12.923873
     ]
    ]
   },
   "properties": {
    "segment_id": "R-296",
    "name": "Unnamed road",
    "kind": "residential",
    "highway": "residential",
    "oneway": false,
    "from_node": "2509419432",
    "to_node": "12073866974",
    "length_m": 9,
    "elevation_m": 881.0,
    "is_low_point": false,
    "drain_distance_m": 107,
    "drain_capacity_mm_hr": 32,
    "history_score": 0.62,
    "water_distance_m": 180
   }
  },
  {
   "type": "Feature",
   "geometry": {
    "type": "LineString",
    "coordinates": [
     [
      77.647355,
      12.923826
     ],
     [
      77.647261,
      12.923771
     ],
     [
      77.647235,
      12.923756
     ],
     [
      77.646666,
      12.92338
     ]
    ]
   },
   "properties": {
    "segment_id": "R-297",
    "name": "Unnamed road",
    "kind": "lakeside",
    "highway": "tertiary",
    "oneway": true,
    "from_node": "2509419432",
    "to_node": "2387017508",
    "length_m": 90,
    "elevation_m": 881.5,
    "is_low_point": false,
    "drain_distance_m": 259,
    "drain_capacity_mm_hr": 24,
    "history_score": 0.66,
    "water_distance_m": 140
   }
  },
  {
   "type": "Feature",
   "geometry": {
    "type": "LineString",
    "coordinates": [
     [
      77.647451,
      12.923471
     ],
     [
      77.647481,
      12.92324
     ],
     [
      77.647482,
      12.923011
     ]
    ]
   },
   "properties": {
    "segment_id": "R-298",
    "name": "Unnamed road",
    "kind": "residential",
    "highway": "residential",
    "oneway": false,
    "from_node": "2509419434",
    "to_node": "3543166969",
    "length_m": 51,
    "elevation_m": 882.5,
    "is_low_point": false,
    "drain_distance_m": 118,
    "drain_capacity_mm_hr": 29,
    "history_score": 0.66,
    "water_distance_m": 184
   }
  },
  {
   "type": "Feature",
   "geometry": {
    "type": "LineString",
    "coordinates": [
     [
      77.647603,
      12.922192
     ],
     [
      77.647529,
      12.922619
     ]
    ]
   },
   "properties": {
    "segment_id": "R-299",
    "name": "Unnamed road",
    "kind": "residential",
    "highway": "residential",
    "oneway": false,
    "from_node": "2509419435",
    "to_node": "2509419436",
    "length_m": 48,
    "elevation_m": 886.0,
    "is_low_point": false,
    "drain_distance_m": 132,
    "drain_capacity_mm_hr": 26,
    "history_score": 0.51,
    "water_distance_m": 218
   }
  },
  {
   "type": "Feature",
   "geometry": {
    "type": "LineString",
    "coordinates": [
     [
      77.647603,
      12.922192
     ],
     [
      77.647382,
      12.922177
     ]
    ]
   },
   "properties": {
    "segment_id": "R-300",
    "name": "Unnamed road",
    "kind": "residential",
    "highway": "residential",
    "oneway": false,
    "from_node": "2509419435",
    "to_node": "14116198851",
    "length_m": 24,
    "elevation_m": 887.0,
    "is_low_point": false,
    "drain_distance_m": 153,
    "drain_capacity_mm_hr": 27,
    "history_score": 0.5,
    "water_distance_m": 223
   }
  },
  {
   "type": "Feature",
   "geometry": {
    "type": "LineString",
    "coordinates": [
     [
      77.647603,
      12.922192
     ],
     [
      77.647642,
      12.922196
     ],
     [
      77.647803,
      12.922208
     ]
    ]
   },
   "properties": {
    "segment_id": "R-301",
    "name": "Unnamed road",
    "kind": "residential",
    "highway": "residential",
    "oneway": false,
    "from_node": "2509419435",
    "to_node": "14116198849",
    "length_m": 22,
    "elevation_m": 887.5,
    "is_low_point": false,
    "drain_distance_m": 122,
    "drain_capacity_mm_hr": 36,
    "history_score": 0.57,
    "water_distance_m": 241
   }
  },
  {
   "type": "Feature",
   "geometry": {
    "type": "LineString",
    "coordinates": [
     [
      77.647529,
      12.922619
     ],
     [
      77.64752,
      12.922678
     ],
     [
      77.647482,
      12.923011
     ]
    ]
   },
   "properties": {
    "segment_id": "R-302",
    "name": "Unnamed road",
    "kind": "residential",
    "highway": "residential",
    "oneway": false,
    "from_node": "2509419436",
    "to_node": "3543166969",
    "length_m": 44,
    "elevation_m": 884.0,
    "is_low_point": false,
    "drain_distance_m": 120,
    "drain_capacity_mm_hr": 32,
    "history_score": 0.57,
    "water_distance_m": 195
   }
  },
  {
   "type": "Feature",
   "geometry": {
    "type": "LineString",
    "coordinates": [
     [
      77.661829,
      12.922299
     ],
     [
      77.661818,
      12.922208
     ],
     [
      77.661808,
      12.922117
     ],
     [
      77.661779,
      12.922016
     ],
     [
      77.661685,
      12.92168
     ]
    ]
   },
   "properties": {
    "segment_id": "R-303",
    "name": "2nd Main Road",
    "kind": "residential",
    "highway": "residential",
    "oneway": false,
    "from_node": "3149619833",
    "to_node": "4415617860",
    "length_m": 71,
    "elevation_m": 893.5,
    "is_low_point": false,
    "drain_distance_m": 172,
    "drain_capacity_mm_hr": 32,
    "history_score": 0.2,
    "water_distance_m": 415
   }
  },
  {
   "type": "Feature",
   "geometry": {
    "type": "LineString",
    "coordinates": [
     [
      77.661829,
      12.922299
     ],
     [
      77.661856,
      12.922553
     ],
     [
      77.662016,
      12.922548
     ]
    ]
   },
   "properties": {
    "segment_id": "R-304",
    "name": "2nd Main Road",
    "kind": "residential",
    "highway": "residential",
    "oneway": false,
    "from_node": "3149619833",
    "to_node": "3870651481",
    "length_m": 46,
    "elevation_m": 891.5,
    "is_low_point": false,
    "drain_distance_m": 145,
    "drain_capacity_mm_hr": 31,
    "history_score": 0.42,
    "water_distance_m": 390
   }
  },
  {
   "type": "Feature",
   "geometry": {
    "type": "LineString",
    "coordinates": [
     [
      77.661829,
      12.922299
     ],
     [
      77.661621,
      12.922321
     ],
     [
      77.661466,
      12.921736
     ]
    ]
   },
   "properties": {
    "segment_id": "R-305",
    "name": "1st Main Road",
    "kind": "residential",
    "highway": "residential",
    "oneway": false,
    "from_node": "3149619833",
    "to_node": "6536271335",
    "length_m": 90,
    "elevation_m": 893.0,
    "is_low_point": false,
    "drain_distance_m": 178,
    "drain_capacity_mm_hr": 27,
    "history_score": 0.32,
    "water_distance_m": 426
   }
  },
  {
   "type": "Feature",
   "geometry": {
    "type": "LineString",
    "coordinates": [
     [
      77.663595,
      12.922111
     ],
     [
      77.663409,
      12.922131
     ]
    ]
   },
   "properties": {
    "segment_id": "R-306",
    "name": "Unnamed road",
    "kind": "residential",
    "highway": "residential",
    "oneway": false,
    "from_node": "3149619837",
    "to_node": "3149619853",
    "length_m": 20,
    "elevation_m": 888.0,
    "is_low_point": false,
    "drain_distance_m": 160,
    "drain_capacity_mm_hr": 28,
    "history_score": 0.49,
    "water_distance_m": 226
   }
  },
  {
   "type": "Feature",
   "geometry": {
    "type": "LineString",
    "coordinates": [
     [
      77.662466,
      12.922665
     ],
     [
      77.66277,
      12.922654
     ]
    ]
   },
   "properties": {
    "segment_id": "R-307",
    "name": "Unnamed road",
    "kind": "residential",
    "highway": "residential",
    "oneway": false,
    "from_node": "3149619838",
    "to_node": "10994470325",
    "length_m": 33,
    "elevation_m": 888.5,
    "is_low_point": false,
    "drain_distance_m": 169,
    "drain_capacity_mm_hr": 32,
    "history_score": 0.46,
    "water_distance_m": 313
   }
  },
  {
   "type": "Feature",
   "geometry": {
    "type": "LineString",
    "coordinates": [
     [
      77.66305,
      12.922644
     ],
     [
      77.663021,
      12.922833
     ]
    ]
   },
   "properties": {
    "segment_id": "R-308",
    "name": "3rd Main Road",
    "kind": "residential",
    "highway": "residential",
    "oneway": false,
    "from_node": "3149619839",
    "to_node": "3149619841",
    "length_m": 21,
    "elevation_m": 887.5,
    "is_low_point": false,
    "drain_distance_m": 159,
    "drain_capacity_mm_hr": 34,
    "history_score": 0.55,
    "water_distance_m": 267
   }
  },
  {
   "type": "Feature",
   "geometry": {
    "type": "LineString",
    "coordinates": [
     [
      77.66305,
      12.922644
     ],
     [
      77.663043,
      12.922583
     ],
     [
      77.663038,
      12.922364
     ]
    ]
   },
   "properties": {
    "segment_id": "R-309",
    "name": "3rd Main Road",
    "kind": "residential",
    "highway": "residential",
    "oneway": false,
    "from_node": "3149619839",
    "to_node": "3149619847",
    "length_m": 31,
    "elevation_m": 888.5,
    "is_low_point": false,
    "drain_distance_m": 124,
    "drain_capacity_mm_hr": 32,
    "history_score": 0.43,
    "water_distance_m": 268
   }
  },
  {
   "type": "Feature",
   "geometry": {
    "type": "LineString",
    "coordinates": [
     [
      77.66305,
      12.922644
     ],
     [
      77.662892,
      12.922647
     ],
     [
      77.66277,
      12.922654
     ]
    ]
   },
   "properties": {
    "segment_id": "R-310",
    "name": "Unnamed road",
    "kind": "residential",
    "highway": "residential",
    "oneway": false,
    "from_node": "3149619839",
    "to_node": "10994470325",
    "length_m": 30,
    "elevation_m": 888.0,
    "is_low_point": false,
    "drain_distance_m": 171,
    "drain_capacity_mm_hr": 31,
    "history_score": 0.37,
    "water_distance_m": 281
   }
  },
  {
   "type": "Feature",
   "geometry": {
    "type": "LineString",
    "coordinates": [
     [
      77.66305,
      12.922644
     ],
     [
      77.66332,
      12.922636
     ],
     [
      77.663317,
      12.922761
     ],
     [
      77.66364,
      12.92277
     ],
     [
      77.663946,
      12.922731
     ]
    ]
   },
   "properties": {
    "segment_id": "R-311",
    "name": "Unnamed road",
    "kind": "residential",
    "highway": "residential",
    "oneway": false,
    "from_node": "3149619839",
    "to_node": "11378886517",
    "length_m": 112,
    "elevation_m": 887.5,
    "is_low_point": false,
    "drain_distance_m": 172,
    "drain_capacity_mm_hr": 28,
    "history_score": 0.41,
    "water_distance_m": 217
   }
  },
  {
   "type": "Feature",
   "geometry": {
    "type": "LineString",
    "coordinates": [
     [
      77.662536,
      12.922828
     ],
     [
      77.663021,
      12.922833
     ]
    ]
   },
   "properties": {
    "segment_id": "R-312",
    "name": "Unnamed road",
    "kind": "residential",
    "highway": "residential",
    "oneway": false,
    "from_node": "3149619840",
    "to_node": "3149619841",
    "length_m": 53,
    "elevation_m": 888.0,
    "is_low_point": false,
    "drain_distance_m": 149,
    "drain_capacity_mm_hr": 26,
    "history_score": 0.54,
    "water_distance_m": 295
   }
  },
  {
   "type": "Feature",
   "geometry": {
    "type": "LineString",
    "coordinates": [
     [
      77.663021,
      12.922833
     ],
     [
      77.663029,
      12.922907
     ]
    ]
   },
   "properties": {
    "segment_id": "R-313",
    "name": "3rd Main Road",
    "kind": "residential",
    "highway": "residential",
    "oneway": false,
    "from_node": "3149619841",
    "to_node": "3149619842",
    "length_m": 8,
    "elevation_m": 887.0,
    "is_low_point": false,
    "drain_distance_m": 190,
    "drain_capacity_mm_hr": 30,
    "history_score": 0.54,
    "water_distance_m": 269
   }
  },
  {
   "type": "Feature",
   "geometry": {
    "type": "LineString",
    "coordinates": [
     [
      77.663029,
      12.922907
     ],
     [
      77.663924,
      12.922963
     ],
     [
      77.664049,
      12.922968
     ]
    ]
   },
   "properties": {
    "segment_id": "R-314",
    "name": "Unnamed road",
    "kind": "residential",
    "highway": "residential",
    "oneway": false,
    "from_node": "3149619842",
    "to_node": "13144006534",
    "length_m": 111,
    "elevation_m": 887.0,
    "is_low_point": false,
    "drain_distance_m": 181,
    "drain_capacity_mm_hr": 27,
    "history_score": 0.49,
    "water_distance_m": 214
   }
  },
  {
   "type": "Feature",
   "geometry": {
    "type": "LineString",
    "coordinates": [
     [
      77.663038,
      12.922364
     ],
     [
      77.663319,
      12.922347
     ],
     [
      77.66333,
      12.922421
     ],
     [
      77.663355,
      12.922522
     ],
     [
      77.663639,
      12.922499
     ]
    ]
   },
   "properties": {
    "segment_id": "R-315",
    "name": "Unnamed road",
    "kind": "residential",
    "highway": "residential",
    "oneway": false,
    "from_node": "3149619847",
    "to_node": "13140521075",
    "length_m": 81,
    "elevation_m": 888.5,
    "is_low_point": false,
    "drain_distance_m": 172,
    "drain_capacity_mm_hr": 34,
    "history_score": 0.42,
    "water_distance_m": 237
   }
  },
  {
   "type": "Feature",
   "geometry": {
    "type": "LineString",
    "coordinates": [
     [
      77.661932,
      12.921969
     ],
     [
      77.662312,
      12.921892
     ],
     [
      77.662783,
      12.921825
     ],
     [
      77.662994,
      12.921803
     ]
    ]
   },
   "properties": {
    "segment_id": "R-316",
    "name": "Unnamed road",
    "kind": "residential",
    "highway": "residential",
    "oneway": false,
    "from_node": "3149619850",
    "to_node": "3149619851",
    "length_m": 117,
    "elevation_m": 893.0,
    "is_low_point": false,
    "drain_distance_m": 196,
    "drain_capacity_mm_hr": 25,
    "history_score": 0.25,
    "water_distance_m": 342
   }
  },
  {
   "type": "Feature",
   "geometry": {
    "type": "LineString",
    "coordinates": [
     [
      77.662994,
      12.921803
     ],
     [
      77.663383,
      12.921762
     ]
    ]
   },
   "properties": {
    "segment_id": "R-317",
    "name": "Unnamed road",
    "kind": "residential",
    "highway": "residential",
    "oneway": false,
    "from_node": "3149619851",
    "to_node": "3149619854",
    "length_m": 42,
    "elevation_m": 890.5,
    "is_low_point": false,
    "drain_distance_m": 185,
    "drain_capacity_mm_hr": 36,
    "history_score": 0.44,
    "water_distance_m": 270
   }
  },
  {
   "type": "Feature",
   "geometry": {
    "type": "LineString",
    "coordinates": [
     [
      77.663525,
      12.921738
     ],
     [
      77.663383,
      12.921762
     ]
    ]
   },
   "properties": {
    "segment_id": "R-318",
    "name": "Unnamed road",
    "kind": "residential",
    "highway": "residential",
    "oneway": false,
    "from_node": "3149619852",
    "to_node": "3149619854",
    "length_m": 16,
    "elevation_m": 888.5,
    "is_low_point": false,
    "drain_distance_m": 196,
    "drain_capacity_mm_hr": 36,
    "history_score": 0.51,
    "water_distance_m": 244
   }
  },
  {
   "type": "Feature",
   "geometry": {
    "type": "LineString",
    "coordinates": [
     [
      77.663409,
      12.922131
     ],
     [
      77.663383,
      12.921762
     ]
    ]
   },
   "properties": {
    "segment_id": "R-319",
    "name": "Unnamed road",
    "kind": "residential",
    "highway": "residential",
    "oneway": false,
    "from_node": "3149619853",
    "to_node": "3149619854",
    "length_m": 41,
    "elevation_m": 888.5,
    "is_low_point": false,
    "drain_distance_m": 177,
    "drain_capacity_mm_hr": 28,
    "history_score": 0.35,
    "water_distance_m": 243
   }
  },
  {
   "type": "Feature",
   "geometry": {
    "type": "LineString",
    "coordinates": [
     [
      77.663789,
      12.922327
     ],
     [
      77.663841,
      12.922538
     ]
    ]
   },
   "properties": {
    "segment_id": "R-320",
    "name": "5th Main Road",
    "kind": "residential",
    "highway": "residential",
    "oneway": false,
    "from_node": "3149622352",
    "to_node": "3149622362",
    "length_m": 24,
    "elevation_m": 887.0,
    "is_low_point": false,
    "drain_distance_m": 140,
    "drain_capacity_mm_hr": 30,
    "history_score": 0.53,
    "water_distance_m": 186
   }
  },
  {
   "type": "Feature",
   "geometry": {
    "type": "LineString",
    "coordinates": [
     [
      77.663789,
      12.922327
     ],
     [
      77.66406,
      12.922297
     ],
     [
      77.664305,
      12.922297
     ]
    ]
   },
   "properties": {
    "segment_id": "R-321",
    "name": "Unnamed road",
    "kind": "residential",
    "highway": "residential",
    "oneway": false,
    "from_node": "3149622352",
    "to_node": "3149622354",
    "length_m": 56,
    "elevation_m": 885.5,
    "is_low_point": true,
    "drain_distance_m": 154,
    "drain_capacity_mm_hr": 32,
    "history_score": 0.85,
    "water_distance_m": 164
   }
  },
  {
   "type": "Feature",
   "geometry": {
    "type": "LineString",
    "coordinates": [
     [
      77.663841,
      12.922538
     ],
     [
      77.663845,
      12.922559
     ],
     [
      77.663932,
      12.922708
     ]
    ]
   },
   "properties": {
    "segment_id": "R-322",
    "name": "5th Main Road",
    "kind": "residential",
    "highway": "residential",
    "oneway": false,
    "from_node": "3149622362",
    "to_node": "13140521149",
    "length_m": 21,
    "elevation_m": 887.0,
    "is_low_point": false,
    "drain_distance_m": 102,
    "drain_capacity_mm_hr": 35,
    "history_score": 0.45,
    "water_distance_m": 176
   }
  },
  {
   "type": "Feature",
   "geometry": {
    "type": "LineString",
    "coordinates": [
     [
      77.663841,
      12.922538
     ],
     [
      77.663972,
      12.922504
     ],
     [
      77.664152,
      12.922471
     ]
    ]
   },
   "properties": {
    "segment_id": "R-323",
    "name": "Unnamed road",
    "kind": "residential",
    "highway": "residential",
    "oneway": false,
    "from_node": "3149622362",
    "to_node": "7239768143",
    "length_m": 35,
    "elevation_m": 886.5,
    "is_low_point": false,
    "drain_distance_m": 187,
    "drain_capacity_mm_hr": 24,
    "history_score": 0.53,
    "water_distance_m": 166
   }
  },
  {
   "type": "Feature",
   "geometry": {
    "type": "LineString",
    "coordinates": [
     [
      77.64711,
      12.918917
     ],
     [
      77.645541,
      12.918966
     ]
    ]
   },
   "properties": {
    "segment_id": "R-324",
    "name": "8th Cross Road",
    "kind": "residential",
    "highway": "residential",
    "oneway": false,
    "from_node": "3298857091",
    "to_node": "3298857093",
    "length_m": 170,
    "elevation_m": 893.0,
    "is_low_point": false,
    "drain_distance_m": 114,
    "drain_capacity_mm_hr": 35,
    "history_score": 0.22,
    "water_distance_m": 388
   }
  },
  {
   "type": "Feature",
   "geometry": {
    "type": "LineString",
    "coordinates": [
     [
      77.645541,
      12.918966
     ],
     [
      77.645026,
      12.918984
     ],
     [
      77.644963,
      12.918986
     ]
    ]
   },
   "properties": {
    "segment_id": "R-325",
    "name": "8th Cross Road",
    "kind": "residential",
    "highway": "residential",
    "oneway": false,
    "from_node": "3298857093",
    "to_node": "3298857094",
    "length_m": 63,
    "elevation_m": 891.0,
    "is_low_point": false,
    "drain_distance_m": 190,
    "drain_capacity_mm_hr": 34,
    "history_score": 0.34,
    "water_distance_m": 294
   }
  },
  {
   "type": "Feature",
   "geometry": {
    "type": "LineString",
    "coordinates": [
     [
      77.644963,
      12.918986
     ],
     [
      77.644969,
      12.919097
     ]
    ]
   },
   "properties": {
    "segment_id": "R-326",
    "name": "19th Main Road",
    "kind": "arterial",
    "highway": "secondary",
    "oneway": false,
    "from_node": "3298857094",
    "to_node": "10213564156",
    "length_m": 12,
    "elevation_m": 891.0,
    "is_low_point": false,
    "drain_distance_m": 80,
    "drain_capacity_mm_hr": 42,
    "history_score": 0.48,
    "water_distance_m": 266
   }
  },
  {
   "type": "Feature",
   "geometry": {
    "type": "LineString",
    "coordinates": [
     [
      77.644963,
      12.918986
     ],
     [
      77.644958,
      12.918895
     ]
    ]
   },
   "properties": {
    "segment_id": "R-327",
    "name": "19th Main Road",
    "kind": "arterial",
    "highway": "secondary",
    "oneway": false,
    "from_node": "3298857094",
    "to_node": "10213564161",
    "length_m": 10,
    "elevation_m": 891.0,
    "is_low_point": false,
    "drain_distance_m": 104,
    "drain_capacity_mm_hr": 41,
    "history_score": 0.31,
    "water_distance_m": 272
   }
  },
  {
   "type": "Feature",
   "geometry": {
    "type": "LineString",
    "coordinates": [
     [
      77.64796,
      12.922848
     ],
     [
      77.648228,
      12.922845
     ],
     [
      77.648403,
      12.922791
     ],
     [
      77.648643,
      12.92274
     ]
    ]
   },
   "properties": {
    "segment_id": "R-328",
    "name": "Unnamed road",
    "kind": "residential",
    "highway": "residential",
    "oneway": false,
    "from_node": "3543166934",
    "to_node": "4146210945",
    "length_m": 76,
    "elevation_m": 885.5,
    "is_low_point": false,
    "drain_distance_m": 105,
    "drain_capacity_mm_hr": 35,
    "history_score": 0.49,
    "water_distance_m": 280
   }
  },
  {
   "type": "Feature",
   "geometry": {
    "type": "LineString",
    "coordinates": [
     [
      77.647482,
      12.923011
     ],
     [
      77.647671,
      12.92304
     ],
     [
      77.647812,
      12.923091
     ]
    ]
   },
   "properties": {
    "segment_id": "R-329",
    "name": "Unnamed road",
    "kind": "residential",
    "highway": "residential",
    "oneway": false,
    "from_node": "3543166969",
    "to_node": "14116197385",
    "length_m": 37,
    "elevation_m": 883.5,
    "is_low_point": false,
    "drain_distance_m": 172,
    "drain_capacity_mm_hr": 32,
    "history_score": 0.66,
    "water_distance_m": 205
   }
  },
  {
   "type": "Feature",
   "geometry": {
    "type": "LineString",
    "coordinates": [
     [
      77.664948,
      12.920694
     ],
     [
      77.664959,
      12.920656
     ],
     [
      77.664962,
      12.920608
     ],
     [
      77.664954,
      12.920575
     ],
     [
      77.6649,
      12.920522
     ]
    ]
   },
   "properties": {
    "segment_id": "R-330",
    "name": "Unnamed road",
    "kind": "arterial",
    "highway": "primary_link",
    "oneway": true,
    "from_node": "3803663193",
    "to_node": "1827634843",
    "length_m": 22,
    "elevation_m": 884.5,
    "is_low_point": false,
    "drain_distance_m": 122,
    "drain_capacity_mm_hr": 42,
    "history_score": 0.49,
    "water_distance_m": 154
   }
  },
  {
   "type": "Feature",
   "geometry": {
    "type": "LineString",
    "coordinates": [
     [
      77.664948,
      12.920694
     ],
     [
      77.66503,
      12.920668
     ],
     [
      77.665121,
      12.92066
     ],
     [
      77.665197,
      12.92066
     ],
     [
      77.66531,
      12.920644
     ]
    ]
   },
   "properties": {
    "segment_id": "R-331",
    "name": "Sarjapura Road",
    "kind": "lakeside",
    "highway": "primary",
    "oneway": true,
    "from_node": "3803663193",
    "to_node": "9828511707",
    "length_m": 40,
    "elevation_m": 884.0,
    "is_low_point": false,
    "drain_distance_m": 210,
    "drain_capacity_mm_hr": 24,
    "history_score": 0.58,
    "water_distance_m": 134
   }
  },
  {
   "type": "Feature",
   "geometry": {
    "type": "LineString",
    "coordinates": [
     [
      77.649552,
      12.924618
     ],
     [
      77.649906,
      12.924648
     ]
    ]
   },
   "properties": {
    "segment_id": "R-332",
    "name": "Unnamed road",
    "kind": "lakeside",
    "highway": "tertiary",
    "oneway": true,
    "from_node": "3826045400",
    "to_node": "2387385680",
    "length_m": 38,
    "elevation_m": 879.5,
    "is_low_point": false,
    "drain_distance_m": 295,
    "drain_capacity_mm_hr": 24,
    "history_score": 0.61,
    "water_distance_m": 42
   }
  },
  {
   "type": "Feature",
   "geometry": {
    "type": "LineString",
    "coordinates": [
     [
      77.649552,
      12.924618
     ],
     [
      77.649344,
      12.924651
     ],
     [
      77.649264,
      12.924657
     ],
     [
      77.649171,
      12.924665
     ],
     [
      77.649025,
      12.924661
     ],
     [
      77.648397,
      12.924607
     ],
     [
      77.647988,
      12.924582
     ],
     [
      77.64763,
      12.924558
     ],
     [
      77.647432,
      12.924544
     ],
     [
      77.646632,
      12.924481
     ],
     [
      77.645321,
      12.924444
     ],
     [
      77.64516,
      12.924424
     ],
     [
      77.644926,
      12.924356
     ],
     [
      77.643522,
      12.923919
     ],
     [
      77.643192,
      12.923828
     ]
    ]
   },
   "properties": {
    "segment_id": "R-333",
    "name": "Sarjapur Road",
    "kind": "lakeside",
    "highway": "primary",
    "oneway": true,
    "from_node": "3826045400",
    "to_node": "12186005569",
    "length_m": 701,
    "elevation_m": 878.0,
    "is_low_point": false,
    "drain_distance_m": 244,
    "drain_capacity_mm_hr": 24,
    "history_score": 0.8,
    "water_distance_m": 115
   }
  },
  {
   "type": "Feature",
   "geometry": {
    "type": "LineString",
    "coordinates": [
     [
      77.665451,
      12.921859
     ],
     [
      77.66542,
      12.922092
     ]
    ]
   },
   "properties": {
    "segment_id": "R-334",
    "name": "6th Main Road",
    "kind": "lakeside",
    "highway": "tertiary",
    "oneway": false,
    "from_node": "3870651477",
    "to_node": "3870651479",
    "length_m": 26,
    "elevation_m": 884.0,
    "is_low_point": false,
    "drain_distance_m": 210,
    "drain_capacity_mm_hr": 27,
    "history_score": 0.64,
    "water_distance_m": 70
   }
  },
  {
   "type": "Feature",
   "geometry": {
    "type": "LineString",
    "coordinates": [
     [
      77.665451,
      12.921859
     ],
     [
      77.665374,
      12.921859
     ],
     [
      77.664524,
      12.921868
     ]
    ]
   },
   "properties": {
    "segment_id": "R-335",
    "name": "Unnamed road",
    "kind": "lakeside",
    "highway": "residential",
    "oneway": false,
    "from_node": "3870651477",
    "to_node": "3870651478",
    "length_m": 100,
    "elevation_m": 885.0,
    "is_low_point": false,
    "drain_distance_m": 298,
    "drain_capacity_mm_hr": 25,
    "history_score": 0.54,
    "water_distance_m": 101
   }
  },
  {
   "type": "Feature",
   "geometry": {
    "type": "LineString",
    "coordinates": [
     [
      77.66542,
      12.922092
     ],
     [
      77.665342,
      12.922094
     ],
     [
      77.664525,
      12.922101
     ]
    ]
   },
   "properties": {
    "segment_id": "R-336",
    "name": "Unnamed road",
    "kind": "lakeside",
    "highway": "residential",
    "oneway": false,
    "from_node": "3870651479",
    "to_node": "3870651480",
    "length_m": 97,
    "elevation_m": 883.0,
    "is_low_point": false,
    "drain_distance_m": 219,
    "drain_capacity_mm_hr": 24,
    "history_score": 0.54,
    "water_distance_m": 83
   }
  },
  {
   "type": "Feature",
   "geometry": {
    "type": "LineString",
    "coordinates": [
     [
      77.662016,
      12.922548
     ],
     [
      77.662196,
      12.922544
     ],
     [
      77.662294,
      12.922932
     ]
    ]
   },
   "properties": {
    "segment_id": "R-337",
    "name": "Unnamed road",
    "kind": "residential",
    "highway": "residential",
    "oneway": false,
    "from_node": "3870651481",
    "to_node": "12655285014",
    "length_m": 64,
    "elevation_m": 889.5,
    "is_low_point": false,
    "drain_distance_m": 140,
    "drain_capacity_mm_hr": 34,
    "history_score": 0.43,
    "water_distance_m": 363
   }
  },
  {
   "type": "Feature",
   "geometry": {
    "type": "LineString",
    "coordinates": [
     [
      77.648666,
      12.921972
     ],
     [
      77.648551,
      12.921994
     ]
    ]
   },
   "properties": {
    "segment_id": "R-338",
    "name": "Unnamed road",
    "kind": "residential",
    "highway": "residential",
    "oneway": false,
    "from_node": "4146210931",
    "to_node": "7432244869",
    "length_m": 13,
    "elevation_m": 888.0,
    "is_low_point": false,
    "drain_distance_m": 156,
    "drain_capacity_mm_hr": 32,
    "history_score": 0.35,
    "water_distance_m": 299
   }
  },
  {
   "type": "Feature",
   "geometry": {
    "type": "LineString",
    "coordinates": [
     [
      77.648666,
      12.921972
     ],
     [
      77.64867,
      12.922271
     ],
     [
      77.648635,
      12.922503
     ],
     [
      77.648641,
      12.922673
     ]
    ]
   },
   "properties": {
    "segment_id": "R-339",
    "name": "Unnamed road",
    "kind": "residential",
    "highway": "residential",
    "oneway": false,
    "from_node": "4146210931",
    "to_node": "6457067893",
    "length_m": 78,
    "elevation_m": 887.0,
    "is_low_point": false,
    "drain_distance_m": 117,
    "drain_capacity_mm_hr": 33,
    "history_score": 0.4,
    "water_distance_m": 285
   }
  },
  {
   "type": "Feature",
   "geometry": {
    "type": "LineString",
    "coordinates": [
     [
      77.648666,
      12.921972
     ],
     [
      77.648792,
      12.921965
     ],
     [
      77.648869,
      12.92196
     ]
    ]
   },
   "properties": {
    "segment_id": "R-340",
    "name": "Unnamed road",
    "kind": "residential",
    "highway": "residential",
    "oneway": false,
    "from_node": "4146210931",
    "to_node": "4146210932",
    "length_m": 22,
    "elevation_m": 888.5,
    "is_low_point": false,
    "drain_distance_m": 98,
    "drain_capacity_mm_hr": 31,
    "history_score": 0.49,
    "water_distance_m": 283
   }
  },
  {
   "type": "Feature",
   "geometry": {
    "type": "LineString",
    "coordinates": [
     [
      77.648869,
      12.92196
     ],
     [
      77.649064,
      12.922012
     ],
     [
      77.64913,
      12.92213
     ],
     [
      77.649137,
      12.922288
     ],
     [
      77.64914,
      12.922458
     ],
     [
      77.649111,
      12.922632
     ]
    ]
   },
   "properties": {
    "segment_id": "R-341",
    "name": "Unnamed road",
    "kind": "residential",
    "highway": "residential",
    "oneway": false,
    "from_node": "4146210932",
    "to_node": "4146210944",
    "length_m": 93,
    "elevation_m": 888.0,
    "is_low_point": false,
    "drain_distance_m": 114,
    "drain_capacity_mm_hr": 26,
    "history_score": 0.53,
    "water_distance_m": 250
   }
  },
  {
   "type": "Feature",
   "geometry": {
    "type": "LineString",
    "coordinates": [
     [
      77.648869,
      12.92196
     ],
     [
      77.648866,
      12.921756
     ],
     [
      77.648933,
      12.921313
     ],
     [
      77.648941,
      12.921212
     ],
     [
      77.648936,
      12.921066
     ]
    ]
   },
   "properties": {
    "segment_id": "R-342",
    "name": "Unnamed road",
    "kind": "residential",
    "highway": "residential",
    "oneway": false,
    "from_node": "4146210932",
    "to_node": "6458176792",
    "length_m": 100,
    "elevation_m": 889.5,
    "is_low_point": false,
    "drain_distance_m": 106,
    "drain_capacity_mm_hr": 28,
    "history_score": 0.5,
    "water_distance_m": 289
   }
  },
  {
   "type": "Feature",
   "geometry": {
    "type": "LineString",
    "coordinates": [
     [
      77.649111,
      12.922632
     ],
     [
      77.649114,
      12.922678
     ]
    ]
   },
   "properties": {
    "segment_id": "R-343",
    "name": "Unnamed road",
    "kind": "residential",
    "highway": "residential",
    "oneway": false,
    "from_node": "4146210944",
    "to_node": "6457067894",
    "length_m": 5,
    "elevation_m": 887.0,
    "is_low_point": false,
    "drain_distance_m": 184,
    "drain_capacity_mm_hr": 24,
    "history_score": 0.41,
    "water_distance_m": 232
   }
  },
  {
   "type": "Feature",
   "geometry": {
    "type": "LineString",
    "coordinates": [
     [
      77.649111,
      12.922632
     ],
     [
      77.649746,
      12.922612
     ]
    ]
   },
   "properties": {
    "segment_id": "R-344",
    "name": "Unnamed road",
    "kind": "residential",
    "highway": "residential",
    "oneway": false,
    "from_node": "4146210944",
    "to_node": "6196907479",
    "length_m": 69,
    "elevation_m": 885.0,
    "is_low_point": false,
    "drain_distance_m": 118,
    "drain_capacity_mm_hr": 26,
    "history_score": 0.47,
    "water_distance_m": 198
   }
  },
  {
   "type": "Feature",
   "geometry": {
    "type": "LineString",
    "coordinates": [
     [
      77.648643,
      12.92274
     ],
     [
      77.648641,
      12.922673
     ]
    ]
   },
   "properties": {
    "segment_id": "R-345",
    "name": "Unnamed road",
    "kind": "residential",
    "highway": "residential",
    "oneway": false,
    "from_node": "4146210945",
    "to_node": "6457067893",
    "length_m": 7,
    "elevation_m": 886.0,
    "is_low_point": false,
    "drain_distance_m": 93,
    "drain_capacity_mm_hr": 32,
    "history_score": 0.39,
    "water_distance_m": 282
   }
  },
  {
   "type": "Feature",
   "geometry": {
    "type": "LineString",
    "coordinates": [
     [
      77.648643,
      12.92274
     ],
     [
      77.648715,
      12.923073
     ]
    ]
   },
   "properties": {
    "segment_id": "R-346",
    "name": "Unnamed road",
    "kind": "residential",
    "highway": "residential",
    "oneway": false,
    "from_node": "4146210945",
    "to_node": "4146210951",
    "length_m": 38,
    "elevation_m": 886.0,
    "is_low_point": false,
    "drain_distance_m": 116,
    "drain_capacity_mm_hr": 33,
    "history_score": 0.46,
    "water_distance_m": 262
   }
  },
  {
   "type": "Feature",
   "geometry": {
    "type": "LineString",
    "coordinates": [
     [
      77.648715,
      12.923073
     ],
     [
      77.648721,
      12.923164
     ]
    ]
   },
   "properties": {
    "segment_id": "R-347",
    "name": "Unnamed road",
    "kind": "residential",
    "highway": "residential",
    "oneway": false,
    "from_node": "4146210951",
    "to_node": "7429952410",
    "length_m": 10,
    "elevation_m": 886.0,
    "is_low_point": false,
    "drain_distance_m": 96,
    "drain_capacity_mm_hr": 26,
    "history_score": 0.55,
    "water_distance_m": 239
   }
  },
  {
   "type": "Feature",
   "geometry": {
    "type": "LineString",
    "coordinates": [
     [
      77.648715,
      12.923073
     ],
     [
      77.64915,
      12.923029
     ]
    ]
   },
   "properties": {
    "segment_id": "R-348",
    "name": "Unnamed road",
    "kind": "residential",
    "highway": "residential",
    "oneway": false,
    "from_node": "4146210951",
    "to_node": "4146210953",
    "length_m": 47,
    "elevation_m": 886.0,
    "is_low_point": false,
    "drain_distance_m": 172,
    "drain_capacity_mm_hr": 30,
    "history_score": 0.5,
    "water_distance_m": 236
   }
  },
  {
   "type": "Feature",
   "geometry": {
    "type": "LineString",
    "coordinates": [
     [
      77.64915,
      12.923029
     ],
     [
      77.649124,
      12.922887
     ],
     [
      77.649123,
      12.922875
     ],
     [
      77.649114,
      12.922678
     ]
    ]
   },
   "properties": {
    "segment_id": "R-349",
    "name": "Unnamed road",
    "kind": "residential",
    "highway": "residential",
    "oneway": false,
    "from_node": "4146210953",
    "to_node": "6457067894",
    "length_m": 39,
    "elevation_m": 886.5,
    "is_low_point": false,
    "drain_distance_m": 146,
    "drain_capacity_mm_hr": 33,
    "history_score": 0.42,
    "water_distance_m": 229
   }
  },
  {
   "type": "Feature",
   "geometry": {
    "type": "LineString",
    "coordinates": [
     [
      77.648739,
      12.923648
     ],
     [
      77.64873,
      12.923267
     ],
     [
      77.648721,
      12.923164
     ]
    ]
   },
   "properties": {
    "segment_id": "R-350",
    "name": "Unnamed road",
    "kind": "residential",
    "highway": "residential",
    "oneway": false,
    "from_node": "4146210958",
    "to_node": "7429952410",
    "length_m": 54,
    "elevation_m": 885.5,
    "is_low_point": false,
    "drain_distance_m": 194,
    "drain_capacity_mm_hr": 30,
    "history_score": 0.43,
    "water_distance_m": 211
   }
  },
  {
   "type": "Feature",
   "geometry": {
    "type": "LineString",
    "coordinates": [
     [
      77.650046,
      12.919636
     ],
     [
      77.650315,
      12.91967
     ]
    ]
   },
   "properties": {
    "segment_id": "R-351",
    "name": "7th Cross Road",
    "kind": "residential",
    "highway": "tertiary",
    "oneway": false,
    "from_node": "4146211261",
    "to_node": "10094504108",
    "length_m": 29,
    "elevation_m": 889.5,
    "is_low_point": false,
    "drain_distance_m": 185,
    "drain_capacity_mm_hr": 33,
    "history_score": 0.4,
    "water_distance_m": 362
   }
  },
  {
   "type": "Feature",
   "geometry": {
    "type": "LineString",
    "coordinates": [
     [
      77.650046,
      12.919636
     ],
     [
      77.650146,
      12.920009
     ],
     [
      77.650321,
      12.920659
     ]
    ]
   },
   "properties": {
    "segment_id": "R-352",
    "name": "Unnamed road",
    "kind": "residential",
    "highway": "residential",
    "oneway": false,
    "from_node": "4146211261",
    "to_node": "4146211271",
    "length_m": 118,
    "elevation_m": 888.5,
    "is_low_point": false,
    "drain_distance_m": 196,
    "drain_capacity_mm_hr": 29,
    "history_score": 0.34,
    "water_distance_m": 311
   }
  },
  {
   "type": "Feature",
   "geometry": {
    "type": "LineString",
    "coordinates": [
     [
      77.649261,
      12.919796
     ],
     [
      77.648037,
      12.919884
     ]
    ]
   },
   "properties": {
    "segment_id": "R-353",
    "name": "Unnamed road",
    "kind": "residential",
    "highway": "residential",
    "oneway": false,
    "from_node": "4146211262",
    "to_node": "4146211263",
    "length_m": 133,
    "elevation_m": 892.5,
    "is_low_point": false,
    "drain_distance_m": 134,
    "drain_capacity_mm_hr": 30,
    "history_score": 0.35,
    "water_distance_m": 429
   }
  },
  {
   "type": "Feature",
   "geometry": {
    "type": "LineString",
    "coordinates": [
     [
      77.649261,
      12.919796
     ],
     [
      77.649298,
      12.920083
     ],
     [
      77.649306,
      12.920143
     ]
    ]
   },
   "properties": {
    "segment_id": "R-354",
    "name": "24th Main Road",
    "kind": "residential",
    "highway": "tertiary",
    "oneway": false,
    "from_node": "4146211262",
    "to_node": "4146211265",
    "length_m": 39,
    "elevation_m": 891.5,
    "is_low_point": false,
    "drain_distance_m": 190,
    "drain_capacity_mm_hr": 30,
    "history_score": 0.26,
    "water_distance_m": 375
   }
  },
  {
   "type": "Feature",
   "geometry": {
    "type": "LineString",
    "coordinates": [
     [
      77.648037,
      12.919884
     ],
     [
      77.647669,
      12.919906
     ]
    ]
   },
   "properties": {
    "segment_id": "R-355",
    "name": "Unnamed road",
    "kind": "residential",
    "highway": "residential",
    "oneway": false,
    "from_node": "4146211263",
    "to_node": "7432244870",
    "length_m": 40,
    "elevation_m": 893.0,
    "is_low_point": false,
    "drain_distance_m": 157,
    "drain_capacity_mm_hr": 25,
    "history_score": 0.21,
    "water_distance_m": 435
   }
  },
  {
   "type": "Feature",
   "geometry": {
    "type": "LineString",
    "coordinates": [
     [
      77.648037,
      12.919884
     ],
     [
      77.648028,
      12.919691
     ]
    ]
   },
   "properties": {
    "segment_id": "R-356",
    "name": "Unnamed road",
    "kind": "residential",
    "highway": "residential",
    "oneway": false,
    "from_node": "4146211263",
    "to_node": "10094504105",
    "length_m": 21,
    "elevation_m": 892.5,
    "is_low_point": false,
    "drain_distance_m": 160,
    "drain_capacity_mm_hr": 27,
    "history_score": 0.31,
    "water_distance_m": 455
   }
  },
  {
   "type": "Feature",
   "geometry": {
    "type": "LineString",
    "coordinates": [
     [
      77.648037,
      12.919884
     ],
     [
      77.648046,
      12.920254
     ]
    ]
   },
   "properties": {
    "segment_id": "R-357",
    "name": "Unnamed road",
    "kind": "residential",
    "highway": "residential",
    "oneway": false,
    "from_node": "4146211263",
    "to_node": "4146211266",
    "length_m": 41,
    "elevation_m": 893.0,
    "is_low_point": false,
    "drain_distance_m": 199,
    "drain_capacity_mm_hr": 28,
    "history_score": 0.3,
    "water_distance_m": 431
   }
  },
  {
   "type": "Feature",
   "geometry": {
    "type": "LineString",
    "coordinates": [
     [
      77.645499,
      12.920055
     ],
     [
      77.645509,
      12.920323
     ]
    ]
   },
   "properties": {
    "segment_id": "R-358",
    "name": "20th Main Road",
    "kind": "residential",
    "highway": "residential",
    "oneway": false,
    "from_node": "4146211264",
    "to_node": "6196261541",
    "length_m": 30,
    "elevation_m": 888.5,
    "is_low_point": false,
    "drain_distance_m": 157,
    "drain_capacity_mm_hr": 29,
    "history_score": 0.37,
    "water_distance_m": 230
   }
  },
  {
   "type": "Feature",
   "geometry": {
    "type": "LineString",
    "coordinates": [
     [
      77.645499,
      12.920055
     ],
     [
      77.646883,
      12.919954
     ]
    ]
   },
   "properties": {
    "segment_id": "R-359",
    "name": "Unnamed road",
    "kind": "residential",
    "highway": "residential",
    "oneway": false,
    "from_node": "4146211264",
    "to_node": "6196261543",
    "length_m": 150,
    "elevation_m": 890.5,
    "is_low_point": false,
    "drain_distance_m": 184,
    "drain_capacity_mm_hr": 32,
    "history_score": 0.42,
    "water_distance_m": 298
   }
  },
  {
   "type": "Feature",
   "geometry": {
    "type": "LineString",
    "coordinates": [
     [
      77.649306,
      12.920143
     ],
     [
      77.648046,
      12.920254
     ]
    ]
   },
   "properties": {
    "segment_id": "R-360",
    "name": "Unnamed road",
    "kind": "residential",
    "highway": "residential",
    "oneway": false,
    "from_node": "4146211265",
    "to_node": "4146211266",
    "length_m": 137,
    "elevation_m": 892.0,
    "is_low_point": false,
    "drain_distance_m": 169,
    "drain_capacity_mm_hr": 33,
    "history_score": 0.27,
    "water_distance_m": 398
   }
  },
  {
   "type": "Feature",
   "geometry": {
    "type": "LineString",
    "coordinates": [
     [
      77.649306,
      12.920143
     ],
     [
      77.649362,
      12.920527
     ]
    ]
   },
   "properties": {
    "segment_id": "R-361",
    "name": "24th Main Road",
    "kind": "residential",
    "highway": "tertiary",
    "oneway": false,
    "from_node": "4146211265",
    "to_node": "4146211268",
    "length_m": 43,
    "elevation_m": 890.5,
    "is_low_point": false,
    "drain_distance_m": 115,
    "drain_capacity_mm_hr": 29,
    "history_score": 0.35,
    "water_distance_m": 339
   }
  },
  {
   "type": "Feature",
   "geometry": {
    "type": "LineString",
    "coordinates": [
     [
      77.648046,
      12.920254
     ],
     [
      77.648065,
      12.920498
     ]
    ]
   },
   "properties": {
    "segment_id": "R-362",
    "name": "Unnamed road",
    "kind": "residential",
    "highway": "residential",
    "oneway": false,
    "from_node": "4146211266",
    "to_node": "4146211267",
    "length_m": 27,
    "elevation_m": 893.0,
    "is_low_point": false,
    "drain_distance_m": 136,
    "drain_capacity_mm_hr": 29,
    "history_score": 0.23,
    "water_distance_m": 405
   }
  },
  {
   "type": "Feature",
   "geometry": {
    "type": "LineString",
    "coordinates": [
     [
      77.648065,
      12.920498
     ],
     [
      77.647594,
      12.920576
     ]
    ]
   },
   "properties": {
    "segment_id": "R-363",
    "name": "Unnamed road",
    "kind": "residential",
    "highway": "residential",
    "oneway": false,
    "from_node": "4146211267",
    "to_node": "4146211269",
    "length_m": 52,
    "elevation_m": 891.5,
    "is_low_point": true,
    "drain_distance_m": 163,
    "drain_capacity_mm_hr": 29,
    "history_score": 0.57,
    "water_distance_m": 375
   }
  },
  {
   "type": "Feature",
   "geometry": {
    "type": "LineString",
    "coordinates": [
     [
      77.648065,
      12.920498
     ],
     [
      77.648076,
      12.920613
     ]
    ]
   },
   "properties": {
    "segment_id": "R-364",
    "name": "Unnamed road",
    "kind": "residential",
    "highway": "residential",
    "oneway": false,
    "from_node": "4146211267",
    "to_node": "4146211270",
    "length_m": 13,
    "elevation_m": 893.0,
    "is_low_point": false,
    "drain_distance_m": 192,
    "drain_capacity_mm_hr": 26,
    "history_score": 0.22,
    "water_distance_m": 391
   }
  },
  {
   "type": "Feature",
   "geometry": {
    "type": "LineString",
    "coordinates": [
     [
      77.649362,
      12.920527
     ],
     [
      77.648076,
      12.920613
     ]
    ]
   },
   "properties": {
    "segment_id": "R-365",
    "name": "Unnamed road",
    "kind": "residential",
    "highway": "residential",
    "oneway": false,
    "from_node": "4146211268",
    "to_node": "4146211270",
    "length_m": 140,
    "elevation_m": 891.5,
    "is_low_point": false,
    "drain_distance_m": 100,
    "drain_capacity_mm_hr": 34,
    "history_score": 0.27,
    "water_distance_m": 366
   }
  },
  {
   "type": "Feature",
   "geometry": {
    "type": "LineString",
    "coordinates": [
     [
      77.648076,
      12.920613
     ],
     [
      77.64809,
      12.920785
     ]
    ]
   },
   "properties": {
    "segment_id": "R-366",
    "name": "Unnamed road",
    "kind": "residential",
    "highway": "residential",
    "oneway": false,
    "from_node": "4146211270",
    "to_node": "7429952406",
    "length_m": 19,
    "elevation_m": 893.5,
    "is_low_point": false,
    "drain_distance_m": 179,
    "drain_capacity_mm_hr": 33,
    "history_score": 0.31,
    "water_distance_m": 380
   }
  },
  {
   "type": "Feature",
   "geometry": {
    "type": "LineString",
    "coordinates": [
     [
      77.650321,
      12.920659
     ],
     [
      77.649867,
      12.92068
     ]
    ]
   },
   "properties": {
    "segment_id": "R-367",
    "name": "4th Cross Road",
    "kind": "residential",
    "highway": "residential",
    "oneway": false,
    "from_node": "4146211271",
    "to_node": "5267402570",
    "length_m": 49,
    "elevation_m": 887.0,
    "is_low_point": false,
    "drain_distance_m": 152,
    "drain_capacity_mm_hr": 31,
    "history_score": 0.44,
    "water_distance_m": 263
   }
  },
  {
   "type": "Feature",
   "geometry": {
    "type": "LineString",
    "coordinates": [
     [
      77.649424,
      12.920829
     ],
     [
      77.648932,
      12.920879
     ]
    ]
   },
   "properties": {
    "segment_id": "R-368",
    "name": "Unnamed road",
    "kind": "residential",
    "highway": "residential",
    "oneway": false,
    "from_node": "4146211272",
    "to_node": "6504556325",
    "length_m": 54,
    "elevation_m": 890.0,
    "is_low_point": false,
    "drain_distance_m": 129,
    "drain_capacity_mm_hr": 25,
    "history_score": 0.43,
    "water_distance_m": 308
   }
  },
  {
   "type": "Feature",
   "geometry": {
    "type": "LineString",
    "coordinates": [
     [
      77.649424,
      12.920829
     ],
     [
      77.649535,
      12.921228
     ]
    ]
   },
   "properties": {
    "segment_id": "R-369",
    "name": "24th Main Road",
    "kind": "residential",
    "highway": "tertiary",
    "oneway": false,
    "from_node": "4146211272",
    "to_node": "4146211279",
    "length_m": 46,
    "elevation_m": 888.0,
    "is_low_point": false,
    "drain_distance_m": 185,
    "drain_capacity_mm_hr": 33,
    "history_score": 0.5,
    "water_distance_m": 271
   }
  },
  {
   "type": "Feature",
   "geometry": {
    "type": "LineString",
    "coordinates": [
     [
      77.648104,
      12.920948
     ],
     [
      77.648932,
      12.920879
     ]
    ]
   },
   "properties": {
    "segment_id": "R-370",
    "name": "Unnamed road",
    "kind": "residential",
    "highway": "residential",
    "oneway": false,
    "from_node": "4146211273",
    "to_node": "6504556325",
    "length_m": 90,
    "elevation_m": 892.0,
    "is_low_point": false,
    "drain_distance_m": 156,
    "drain_capacity_mm_hr": 36,
    "history_score": 0.31,
    "water_distance_m": 360
   }
  },
  {
   "type": "Feature",
   "geometry": {
    "type": "LineString",
    "coordinates": [
     [
      77.648104,
      12.920948
     ],
     [
      77.64809,
      12.920785
     ]
    ]
   },
   "properties": {
    "segment_id": "R-371",
    "name": "Unnamed road",
    "kind": "residential",
    "highway": "residential",
    "oneway": false,
    "from_node": "4146211273",
    "to_node": "7429952406",
    "length_m": 18,
    "elevation_m": 893.5,
    "is_low_point": false,
    "drain_distance_m": 113,
    "drain_capacity_mm_hr": 31,
    "history_score": 0.34,
    "water_distance_m": 367
   }
  },
  {
   "type": "Feature",
   "geometry": {
    "type": "LineString",
    "coordinates": [
     [
      77.648104,
      12.920948
     ],
     [
      77.648109,
      12.921089
     ]
    ]
   },
   "properties": {
    "segment_id": "R-372",
    "name": "Unnamed road",
    "kind": "residential",
    "highway": "residential",
    "oneway": false,
    "from_node": "4146211273",
    "to_node": "4146211277",
    "length_m": 16,
    "elevation_m": 892.5,
    "is_low_point": false,
    "drain_distance_m": 102,
    "drain_capacity_mm_hr": 27,
    "history_score": 0.4,
    "water_distance_m": 356
   }
  },
  {
   "type": "Feature",
   "geometry": {
    "type": "LineString",
    "coordinates": [
     [
      77.649115,
      12.921061
     ],
     [
      77.648936,
      12.921066
     ]
    ]
   },
   "properties": {
    "segment_id": "R-373",
    "name": "Unnamed road",
    "kind": "residential",
    "highway": "residential",
    "oneway": false,
    "from_node": "4146211275",
    "to_node": "6458176792",
    "length_m": 19,
    "elevation_m": 890.0,
    "is_low_point": false,
    "drain_distance_m": 174,
    "drain_capacity_mm_hr": 28,
    "history_score": 0.41,
    "water_distance_m": 305
   }
  },
  {
   "type": "Feature",
   "geometry": {
    "type": "LineString",
    "coordinates": [
     [
      77.648109,
      12.921089
     ],
     [
      77.648538,
      12.921077
     ]
    ]
   },
   "properties": {
    "segment_id": "R-374",
    "name": "Unnamed road",
    "kind": "residential",
    "highway": "residential",
    "oneway": false,
    "from_node": "4146211277",
    "to_node": "7432244868",
    "length_m": 47,
    "elevation_m": 892.0,
    "is_low_point": false,
    "drain_distance_m": 183,
    "drain_capacity_mm_hr": 34,
    "history_score": 0.43,
    "water_distance_m": 367
   }
  },
  {
   "type": "Feature",
   "geometry": {
    "type": "LineString",
    "coordinates": [
     [
      77.649535,
      12.921228
     ],
     [
      77.649937,
      12.921152
     ]
    ]
   },
   "properties": {
    "segment_id": "R-375",
    "name": "6th Cross Road",
    "kind": "residential",
    "highway": "residential",
    "oneway": false,
    "from_node": "4146211279",
    "to_node": "5267402569",
    "length_m": 44,
    "elevation_m": 887.0,
    "is_low_point": false,
    "drain_distance_m": 157,
    "drain_capacity_mm_hr": 34,
    "history_score": 0.51,
    "water_distance_m": 239
   }
  },
  {
   "type": "Feature",
   "geometry": {
    "type": "LineString",
    "coordinates": [
     [
      77.649535,
      12.921228
     ],
     [
      77.649611,
      12.921478
     ]
    ]
   },
   "properties": {
    "segment_id": "R-376",
    "name": "24th Main Road",
    "kind": "residential",
    "highway": "tertiary",
    "oneway": false,
    "from_node": "4146211279",
    "to_node": "4146211283",
    "length_m": 29,
    "elevation_m": 886.5,
    "is_low_point": false,
    "drain_distance_m": 192,
    "drain_capacity_mm_hr": 24,
    "history_score": 0.56,
    "water_distance_m": 239
   }
  },
  {
   "type": "Feature",
   "geometry": {
    "type": "LineString",
    "coordinates": [
     [
      77.650654,
      12.921319
     ],
     [
      77.650631,
      12.921567
     ]
    ]
   },
   "properties": {
    "segment_id": "R-377",
    "name": "24th Main Road",
    "kind": "residential",
    "highway": "residential",
    "oneway": false,
    "from_node": "4146211280",
    "to_node": "7432244867",
    "length_m": 28,
    "elevation_m": 886.5,
    "is_low_point": false,
    "drain_distance_m": 110,
    "drain_capacity_mm_hr": 27,
    "history_score": 0.56,
    "water_distance_m": 160
   }
  },
  {
   "type": "Feature",
   "geometry": {
    "type": "LineString",
    "coordinates": [
     [
      77.650654,
      12.921319
     ],
     [
      77.650042,
      12.921412
     ]
    ]
   },
   "properties": {
    "segment_id": "R-378",
    "name": "Unnamed road",
    "kind": "residential",
    "highway": "residential",
    "oneway": false,
    "from_node": "4146211280",
    "to_node": "4146211281",
    "length_m": 67,
    "elevation_m": 887.0,
    "is_low_point": false,
    "drain_distance_m": 127,
    "drain_capacity_mm_hr": 28,
    "history_score": 0.4,
    "water_distance_m": 183
   }
  },
  {
   "type": "Feature",
   "geometry": {
    "type": "LineString",
    "coordinates": [
     [
      77.650042,
      12.921412
     ],
     [
      77.649611,
      12.921478
     ]
    ]
   },
   "properties": {
    "segment_id": "R-379",
    "name": "Unnamed road",
    "kind": "residential",
    "highway": "residential",
    "oneway": false,
    "from_node": "4146211281",
    "to_node": "4146211283",
    "length_m": 47,
    "elevation_m": 886.5,
    "is_low_point": false,
    "drain_distance_m": 152,
    "drain_capacity_mm_hr": 34,
    "history_score": 0.48,
    "water_distance_m": 212
   }
  },
  {
   "type": "Feature",
   "geometry": {
    "type": "LineString",
    "coordinates": [
     [
      77.650042,
      12.921412
     ],
     [
      77.650087,
      12.92165
     ]
    ]
   },
   "properties": {
    "segment_id": "R-380",
    "name": "Unnamed road",
    "kind": "residential",
    "highway": "residential",
    "oneway": false,
    "from_node": "4146211281",
    "to_node": "4146211286",
    "length_m": 27,
    "elevation_m": 886.5,
    "is_low_point": false,
    "drain_distance_m": 160,
    "drain_capacity_mm_hr": 26,
    "history_score": 0.42,
    "water_distance_m": 187
   }
  },
  {
   "type": "Feature",
   "geometry": {
    "type": "LineString",
    "coordinates": [
     [
      77.649611,
      12.921478
     ],
     [
      77.649667,
      12.921715
     ]
    ]
   },
   "properties": {
    "segment_id": "R-381",
    "name": "24th Main Road",
    "kind": "residential",
    "highway": "tertiary",
    "oneway": false,
    "from_node": "4146211283",
    "to_node": "4146211288",
    "length_m": 27,
    "elevation_m": 885.5,
    "is_low_point": false,
    "drain_distance_m": 114,
    "drain_capacity_mm_hr": 33,
    "history_score": 0.51,
    "water_distance_m": 217
   }
  },
  {
   "type": "Feature",
   "geometry": {
    "type": "LineString",
    "coordinates": [
     [
      77.650087,
      12.92165
     ],
     [
      77.649667,
      12.921715
     ]
    ]
   },
   "properties": {
    "segment_id": "R-382",
    "name": "Unnamed road",
    "kind": "residential",
    "highway": "residential",
    "oneway": false,
    "from_node": "4146211286",
    "to_node": "4146211288",
    "length_m": 46,
    "elevation_m": 885.5,
    "is_low_point": false,
    "drain_distance_m": 131,
    "drain_capacity_mm_hr": 28,
    "history_score": 0.57,
    "water_distance_m": 190
   }
  },
  {
   "type": "Feature",
   "geometry": {
    "type": "LineString",
    "coordinates": [
     [
      77.650087,
      12.92165
     ],
     [
      77.650631,
      12.921567
     ]
    ]
   },
   "properties": {
    "segment_id": "R-383",
    "name": "Unnamed road",
    "kind": "residential",
    "highway": "residential",
    "oneway": false,
    "from_node": "4146211286",
    "to_node": "7432244867",
    "length_m": 60,
    "elevation_m": 886.0,
    "is_low_point": false,
    "drain_distance_m": 152,
    "drain_capacity_mm_hr": 33,
    "history_score": 0.45,
    "water_distance_m": 160
   }
  },
  {
   "type": "Feature",
   "geometry": {
    "type": "LineString",
    "coordinates": [
     [
      77.650087,
      12.92165
     ],
     [
      77.650139,
      12.92185
     ]
    ]
   },
   "properties": {
    "segment_id": "R-384",
    "name": "Unnamed road",
    "kind": "residential",
    "highway": "residential",
    "oneway": false,
    "from_node": "4146211286",
    "to_node": "10211111398",
    "length_m": 23,
    "elevation_m": 886.0,
    "is_low_point": false,
    "drain_distance_m": 107,
    "drain_capacity_mm_hr": 25,
    "history_score": 0.55,
    "water_distance_m": 166
   }
  },
  {
   "type": "Feature",
   "geometry": {
    "type": "LineString",
    "coordinates": [
     [
      77.661685,
      12.92168
     ],
     [
      77.662687,
      12.921421
     ],
     [
      77.662906,
      12.921278
     ]
    ]
   },
   "properties": {
    "segment_id": "R-385",
    "name": "Unnamed road",
    "kind": "residential",
    "highway": "tertiary",
    "oneway": true,
    "from_node": "4415617860",
    "to_node": "1083500529",
    "length_m": 141,
    "elevation_m": 893.0,
    "is_low_point": false,
    "drain_distance_m": 120,
    "drain_capacity_mm_hr": 32,
    "history_score": 0.35,
    "water_distance_m": 373
   }
  },
  {
   "type": "Feature",
   "geometry": {
    "type": "LineString",
    "coordinates": [
     [
      77.649937,
      12.921152
     ],
     [
      77.649867,
      12.92068
     ]
    ]
   },
   "properties": {
    "segment_id": "R-386",
    "name": "Unnamed road",
    "kind": "residential",
    "highway": "residential",
    "oneway": false,
    "from_node": "5267402569",
    "to_node": "5267402570",
    "length_m": 53,
    "elevation_m": 887.0,
    "is_low_point": false,
    "drain_distance_m": 139,
    "drain_capacity_mm_hr": 30,
    "history_score": 0.43,
    "water_distance_m": 251
   }
  },
  {
   "type": "Feature",
   "geometry": {
    "type": "LineString",
    "coordinates": [
     [
      77.65368,
      12.920676
     ],
     [
      77.653689,
      12.920935
     ],
     [
      77.653683,
      12.920951
     ],
     [
      77.653029,
      12.921042
     ]
    ]
   },
   "properties": {
    "segment_id": "R-387",
    "name": "3rd Cross Road",
    "kind": "lakeside",
    "highway": "residential",
    "oneway": false,
    "from_node": "5267402571",
    "to_node": "6505392518",
    "length_m": 102,
    "elevation_m": 886.0,
    "is_low_point": false,
    "drain_distance_m": 211,
    "drain_capacity_mm_hr": 27,
    "history_score": 0.52,
    "water_distance_m": 135
   }
  },
  {
   "type": "Feature",
   "geometry": {
    "type": "LineString",
    "coordinates": [
     [
      77.650068,
      12.917287
     ],
     [
      77.651195,
      12.917317
     ]
    ]
   },
   "properties": {
    "segment_id": "R-388",
    "name": "11th Cross Road",
    "kind": "residential",
    "highway": "residential",
    "oneway": false,
    "from_node": "5292300571",
    "to_node": "11245714088",
    "length_m": 122,
    "elevation_m": 897.5,
    "is_low_point": false,
    "drain_distance_m": 165,
    "drain_capacity_mm_hr": 27,
    "history_score": 0.23,
    "water_distance_m": 346
   }
  },
  {
   "type": "Feature",
   "geometry": {
    "type": "LineString",
    "coordinates": [
     [
      77.64305,
      12.91841
     ],
     [
      77.643012,
      12.917234
     ]
    ]
   },
   "properties": {
    "segment_id": "R-389",
    "name": "17th A Main Road",
    "kind": "residential",
    "highway": "residential",
    "oneway": false,
    "from_node": "5292923939",
    "to_node": "5292923940",
    "length_m": 131,
    "elevation_m": 884.0,
    "is_low_point": false,
    "drain_distance_m": 95,
    "drain_capacity_mm_hr": 32,
    "history_score": 0.54,
    "water_distance_m": 181
   }
  },
  {
   "type": "Feature",
   "geometry": {
    "type": "LineString",
    "coordinates": [
     [
      77.666087,
      12.920882
     ],
     [
      77.666055,
      12.920867
     ],
     [
      77.665779,
      12.920735
     ],
     [
      77.665705,
      12.920699
     ],
     [
      77.665661,
      12.920679
     ],
     [
      77.665625,
      12.920655
     ],
     [
      77.665608,
      12.920626
     ],
     [
      77.665591,
      12.920599
     ],
     [
      77.66559,
      12.920565
     ],
     [
      77.665599,
      12.920523
     ],
     [
      77.665616,
      12.920493
     ],
     [
      77.665646,
      12.920461
     ]
    ]
   },
   "properties": {
    "segment_id": "R-390",
    "name": "Unnamed road",
    "kind": "lakeside",
    "highway": "tertiary",
    "oneway": true,
    "from_node": "5372340496",
    "to_node": "1827247449",
    "length_m": 81,
    "elevation_m": 884.0,
    "is_low_point": false,
    "drain_distance_m": 201,
    "drain_capacity_mm_hr": 26,
    "history_score": 0.56,
    "water_distance_m": 58
   }
  },
  {
   "type": "Feature",
   "geometry": {
    "type": "LineString",
    "coordinates": [
     [
      77.666087,
      12.920882
     ],
     [
      77.666011,
      12.920891
     ],
     [
      77.665963,
      12.920907
     ],
     [
      77.665933,
      12.920941
     ],
     [
      77.665926,
      12.92098
     ],
     [
      77.665932,
      12.921022
     ],
     [
      77.665954,
      12.92106
     ],
     [
      77.665992,
      12.921146
     ]
    ]
   },
   "properties": {
    "segment_id": "R-391",
    "name": "Unnamed road",
    "kind": "lakeside",
    "highway": "trunk_link",
    "oneway": true,
    "from_node": "5372340496",
    "to_node": "266371138",
    "length_m": 43,
    "elevation_m": 886.0,
    "is_low_point": false,
    "drain_distance_m": 214,
    "drain_capacity_mm_hr": 23,
    "history_score": 0.51,
    "water_distance_m": 52
   }
  },
  {
   "type": "Feature",
   "geometry": {
    "type": "LineString",
    "coordinates": [
     [
      77.665662,
      12.920325
     ],
     [
      77.66555,
      12.920357
     ],
     [
      77.665435,
      12.920387
     ]
    ]
   },
   "properties": {
    "segment_id": "R-392",
    "name": "Sarjapura Road",
    "kind": "lakeside",
    "highway": "primary",
    "oneway": true,
    "from_node": "5774292415",
    "to_node": "5774292417",
    "length_m": 26,
    "elevation_m": 883.0,
    "is_low_point": false,
    "drain_distance_m": 201,
    "drain_capacity_mm_hr": 24,
    "history_score": 0.67,
    "water_distance_m": 81
   }
  },
  {
   "type": "Feature",
   "geometry": {
    "type": "LineString",
    "coordinates": [
     [
      77.665435,
      12.920387
     ],
     [
      77.665321,
      12.920419
     ]
    ]
   },
   "properties": {
    "segment_id": "R-393",
    "name": "Sarjapur Road",
    "kind": "lakeside",
    "highway": "primary",
    "oneway": true,
    "from_node": "5774292417",
    "to_node": "5774292427",
    "length_m": 13,
    "elevation_m": 883.0,
    "is_low_point": false,
    "drain_distance_m": 238,
    "drain_capacity_mm_hr": 23,
    "history_score": 0.65,
    "water_distance_m": 100
   }
  },
  {
   "type": "Feature",
   "geometry": {
    "type": "LineString",
    "coordinates": [
     [
      77.665435,
      12.920387
     ],
     [
      77.665416,
      12.92045
     ],
     [
      77.665413,
      12.92047
     ],
     [
      77.665422,
      12.920493
     ],
     [
      77.665436,
      12.920508
     ],
     [
      77.665462,
      12.920516
     ],
     [
      77.665495,
      12.920522
     ],
     [
      77.665537,
      12.920514
     ]
    ]
   },
   "properties": {
    "segment_id": "R-394",
    "name": "Unnamed road",
    "kind": "lakeside",
    "highway": "primary_link",
    "oneway": true,
    "from_node": "5774292417",
    "to_node": "5774293614",
    "length_m": 26,
    "elevation_m": 883.0,
    "is_low_point": false,
    "drain_distance_m": 283,
    "drain_capacity_mm_hr": 25,
    "history_score": 0.67,
    "water_distance_m": 90
   }
  },
  {
   "type": "Feature",
   "geometry": {
    "type": "LineString",
    "coordinates": [
     [
      77.665321,
      12.920419
     ],
     [
      77.665265,
      12.920454
     ],
     [
      77.665248,
      12.920492
     ],
     [
      77.665244,
      12.920543
     ],
     [
      77.665261,
      12.920573
     ],
     [
      77.66531,
      12.920644
     ]
    ]
   },
   "properties": {
    "segment_id": "R-395",
    "name": "Unnamed road",
    "kind": "lakeside",
    "highway": "tertiary",
    "oneway": true,
    "from_node": "5774292427",
    "to_node": "9828511707",
    "length_m": 31,
    "elevation_m": 883.0,
    "is_low_point": false,
    "drain_distance_m": 286,
    "drain_capacity_mm_hr": 22,
    "history_score": 0.52,
    "water_distance_m": 110
   }
  },
  {
   "type": "Feature",
   "geometry": {
    "type": "LineString",
    "coordinates": [
     [
      77.665321,
      12.920419
     ],
     [
      77.66517,
      12.920455
     ],
     [
      77.6649,
      12.920522
     ]
    ]
   },
   "properties": {
    "segment_id": "R-396",
    "name": "Sarjapura Road",
    "kind": "lakeside",
    "highway": "primary",
    "oneway": true,
    "from_node": "5774292427",
    "to_node": "1827634843",
    "length_m": 47,
    "elevation_m": 883.5,
    "is_low_point": false,
    "drain_distance_m": 292,
    "drain_capacity_mm_hr": 22,
    "history_score": 0.66,
    "water_distance_m": 130
   }
  },
  {
   "type": "Feature",
   "geometry": {
    "type": "LineString",
    "coordinates": [
     [
      77.665537,
      12.920514
     ],
     [
      77.665646,
      12.920461
     ]
    ]
   },
   "properties": {
    "segment_id": "R-397",
    "name": "Sarjapura Road",
    "kind": "lakeside",
    "highway": "primary",
    "oneway": true,
    "from_node": "5774293614",
    "to_node": "1827247449",
    "length_m": 13,
    "elevation_m": 883.0,
    "is_low_point": false,
    "drain_distance_m": 257,
    "drain_capacity_mm_hr": 25,
    "history_score": 0.66,
    "water_distance_m": 80
   }
  },
  {
   "type": "Feature",
   "geometry": {
    "type": "LineString",
    "coordinates": [
     [
      77.665414,
      12.927049
     ],
     [
      77.665408,
      12.927148
     ],
     [
      77.665353,
      12.927636
     ],
     [
      77.665363,
      12.92766
     ],
     [
      77.665378,
      12.927678
     ],
     [
      77.665439,
      12.92775
     ],
     [
      77.665518,
      12.927741
     ],
     [
      77.666318,
      12.927651
     ]
    ]
   },
   "properties": {
    "segment_id": "R-398",
    "name": "Swagger Road",
    "kind": "lakeside",
    "highway": "residential",
    "oneway": false,
    "from_node": "5778474210",
    "to_node": "5778474214",
    "length_m": 177,
    "elevation_m": 881.5,
    "is_low_point": false,
    "drain_distance_m": 212,
    "drain_capacity_mm_hr": 25,
    "history_score": 0.55,
    "water_distance_m": 74
   }
  },
  {
   "type": "Feature",
   "geometry": {
    "type": "LineString",
    "coordinates": [
     [
      77.665414,
      12.927049
     ],
     [
      77.665439,
      12.927053
     ],
     [
      77.665816,
      12.927076
     ],
     [
      77.666216,
      12.9271
     ],
     [
      77.666252,
      12.927102
     ]
    ]
   },
   "properties": {
    "segment_id": "R-399",
    "name": "Unnamed road",
    "kind": "lakeside",
    "highway": "unclassified",
    "oneway": false,
    "from_node": "5778474210",
    "to_node": "11002591548",
    "length_m": 91,
    "elevation_m": 881.0,
    "is_low_point": false,
    "drain_distance_m": 280,
    "drain_capacity_mm_hr": 24,
    "history_score": 0.69,
    "water_distance_m": 68
   }
  },
  {
   "type": "Feature",
   "geometry": {
    "type": "LineString",
    "coordinates": [
     [
      77.666318,
      12.927651
     ],
     [
      77.666527,
      12.928939
     ]
    ]
   },
   "properties": {
    "segment_id": "R-400",
    "name": "Unnamed road",
    "kind": "lakeside",
    "highway": "residential",
    "oneway": false,
    "from_node": "5778474214",
    "to_node": "7263316311",
    "length_m": 145,
    "elevation_m": 886.0,
    "is_low_point": false,
    "drain_distance_m": 292,
    "drain_capacity_mm_hr": 27,
    "history_score": 0.47,
    "water_distance_m": 96
   }
  },
  {
   "type": "Feature",
   "geometry": {
    "type": "LineString",
    "coordinates": [
     [
      77.666751,
      12.919724
     ],
     [
      77.666705,
      12.919669
     ]
    ]
   },
   "properties": {
    "segment_id": "R-401",
    "name": "Unnamed road",
    "kind": "lakeside",
    "highway": "residential",
    "oneway": false,
    "from_node": "5778503766",
    "to_node": "7087402839",
    "length_m": 8,
    "elevation_m": 889.5,
    "is_low_point": false,
    "drain_distance_m": 224,
    "drain_capacity_mm_hr": 27,
    "history_score": 0.5,
    "water_distance_m": 61
   }
  },
  {
   "type": "Feature",
   "geometry": {
    "type": "LineString",
    "coordinates": [
     [
      77.666751,
      12.919724
     ],
     [
      77.666748,
      12.919796
     ],
     [
      77.666795,
      12.919868
     ]
    ]
   },
   "properties": {
    "segment_id": "R-402",
    "name": "Unnamed road",
    "kind": "lakeside",
    "highway": "residential",
    "oneway": true,
    "from_node": "5778503766",
    "to_node": "12183845711",
    "length_m": 17,
    "elevation_m": 888.0,
    "is_low_point": false,
    "drain_distance_m": 240,
    "drain_capacity_mm_hr": 25,
    "history_score": 0.48,
    "water_distance_m": 63
   }
  },
  {
   "type": "Feature",
   "geometry": {
    "type": "LineString",
    "coordinates": [
     [
      77.665585,
      12.918233
     ],
     [
      77.665123,
      12.918337
     ],
     [
      77.665099,
      12.918362
     ],
     [
      77.665085,
      12.918393
     ],
     [
      77.665074,
      12.918437
     ],
     [
      77.665139,
      12.918713
     ],
     [
      77.665197,
      12.918899
     ]
    ]
   },
   "properties": {
    "segment_id": "R-403",
    "name": "Unnamed road",
    "kind": "lakeside",
    "highway": "residential",
    "oneway": false,
    "from_node": "5780902635",
    "to_node": "5780902638",
    "length_m": 117,
    "elevation_m": 885.5,
    "is_low_point": false,
    "drain_distance_m": 233,
    "drain_capacity_mm_hr": 24,
    "history_score": 0.51,
    "water_distance_m": 48
   }
  },
  {
   "type": "Feature",
   "geometry": {
    "type": "LineString",
    "coordinates": [
     [
      77.665197,
      12.918899
     ],
     [
      77.665246,
      12.918884
     ],
     [
      77.665279,
      12.918888
     ],
     [
      77.665316,
      12.918912
     ],
     [
      77.665357,
      12.91895
     ],
     [
      77.665377,
      12.918988
     ],
     [
      77.665463,
      12.919388
     ],
     [
      77.665466,
      12.919402
     ]
    ]
   },
   "properties": {
    "segment_id": "R-404",
    "name": "Unnamed road",
    "kind": "lakeside",
    "highway": "residential",
    "oneway": false,
    "from_node": "5780902638",
    "to_node": "13333548793",
    "length_m": 72,
    "elevation_m": 883.0,
    "is_low_point": false,
    "drain_distance_m": 211,
    "drain_capacity_mm_hr": 25,
    "history_score": 0.62,
    "water_distance_m": 71
   }
  },
  {
   "type": "Feature",
   "geometry": {
    "type": "LineString",
    "coordinates": [
     [
      77.665197,
      12.918899
     ],
     [
      77.664832,
      12.918975
     ],
     [
      77.664811,
      12.918965
     ],
     [
      77.664794,
      12.918951
     ]
    ]
   },
   "properties": {
    "segment_id": "R-405",
    "name": "Unnamed road",
    "kind": "lakeside",
    "highway": "residential",
    "oneway": false,
    "from_node": "5780902638",
    "to_node": "13140521463",
    "length_m": 45,
    "elevation_m": 884.0,
    "is_low_point": false,
    "drain_distance_m": 235,
    "drain_capacity_mm_hr": 27,
    "history_score": 0.63,
    "water_distance_m": 100
   }
  },
  {
   "type": "Feature",
   "geometry": {
    "type": "LineString",
    "coordinates": [
     [
      77.662978,
      12.926669
     ],
     [
      77.663715,
      12.926779
     ],
     [
      77.663978,
      12.926819
     ]
    ]
   },
   "properties": {
    "segment_id": "R-406",
    "name": "6th Main Road",
    "kind": "lakeside",
    "highway": "residential",
    "oneway": false,
    "from_node": "5920039992",
    "to_node": "6197379428",
    "length_m": 110,
    "elevation_m": 879.0,
    "is_low_point": false,
    "drain_distance_m": 282,
    "drain_capacity_mm_hr": 27,
    "history_score": 0.66,
    "water_distance_m": 59
   }
  },
  {
   "type": "Feature",
   "geometry": {
    "type": "LineString",
    "coordinates": [
     [
      77.662978,
      12.926669
     ],
     [
      77.662831,
      12.926638
     ],
     [
      77.662515,
      12.926578
     ],
     [
      77.662362,
      12.926549
     ],
     [
      77.662218,
      12.926527
     ],
     [
      77.662136,
      12.92652
     ]
    ]
   },
   "properties": {
    "segment_id": "R-407",
    "name": "6th Main Road",
    "kind": "residential",
    "highway": "residential",
    "oneway": false,
    "from_node": "5920039992",
    "to_node": "7262783224",
    "length_m": 93,
    "elevation_m": 880.5,
    "is_low_point": false,
    "drain_distance_m": 112,
    "drain_capacity_mm_hr": 26,
    "history_score": 0.67,
    "water_distance_m": 160
   }
  },
  {
   "type": "Feature",
   "geometry": {
    "type": "LineString",
    "coordinates": [
     [
      77.662978,
      12.926669
     ],
     [
      77.662952,
      12.926747
     ],
     [
      77.662937,
      12.926792
     ]
    ]
   },
   "properties": {
    "segment_id": "R-408",
    "name": "Unnamed road",
    "kind": "lakeside",
    "highway": "residential",
    "oneway": false,
    "from_node": "5920039992",
    "to_node": "7262783226",
    "length_m": 14,
    "elevation_m": 879.5,
    "is_low_point": false,
    "drain_distance_m": 266,
    "drain_capacity_mm_hr": 27,
    "history_score": 0.62,
    "water_distance_m": 115
   }
  },
  {
   "type": "Feature",
   "geometry": {
    "type": "LineString",
    "coordinates": [
     [
      77.665315,
      12.921666
     ],
     [
      77.66535,
      12.921185
     ]
    ]
   },
   "properties": {
    "segment_id": "R-409",
    "name": "Unnamed road",
    "kind": "lakeside",
    "highway": "residential",
    "oneway": false,
    "from_node": "5925913571",
    "to_node": "14017258220",
    "length_m": 54,
    "elevation_m": 889.0,
    "is_low_point": false,
    "drain_distance_m": 249,
    "drain_capacity_mm_hr": 27,
    "history_score": 0.54,
    "water_distance_m": 90
   }
  },
  {
   "type": "Feature",
   "geometry": {
    "type": "LineString",
    "coordinates": [
     [
      77.644183,
      12.918792
     ],
     [
      77.64419,
      12.918773
     ],
     [
      77.644191,
      12.918752
     ],
     [
      77.644185,
      12.918733
     ],
     [
      77.644173,
      12.918716
     ],
     [
      77.644156,
      12.918704
     ],
     [
      77.644136,
      12.918698
     ]
    ]
   },
   "properties": {
    "segment_id": "R-410",
    "name": "Unnamed road",
    "kind": "residential",
    "highway": "residential",
    "oneway": true,
    "from_node": "5931055710",
    "to_node": "5931055713",
    "length_m": 14,
    "elevation_m": 887.5,
    "is_low_point": false,
    "drain_distance_m": 139,
    "drain_capacity_mm_hr": 33,
    "history_score": 0.56,
    "water_distance_m": 217
   }
  },
  {
   "type": "Feature",
   "geometry": {
    "type": "LineString",
    "coordinates": [
     [
      77.644136,
      12.918698
     ],
     [
      77.644104,
      12.91838
     ],
     [
      77.644064,
      12.918361
     ],
     [
      77.643995,
      12.918363
     ],
     [
      77.643454,
      12.918501
     ]
    ]
   },
   "properties": {
    "segment_id": "R-411",
    "name": "Unnamed road",
    "kind": "residential",
    "highway": "residential",
    "oneway": false,
    "from_node": "5931055713",
    "to_node": "5931055717",
    "length_m": 108,
    "elevation_m": 886.0,
    "is_low_point": false,
    "drain_distance_m": 160,
    "drain_capacity_mm_hr": 31,
    "history_score": 0.54,
    "water_distance_m": 195
   }
  },
  {
   "type": "Feature",
   "geometry": {
    "type": "LineString",
    "coordinates": [
     [
      77.644136,
      12.918698
     ],
     [
      77.644115,
      12.918698
     ],
     [
      77.644095,
      12.918705
     ],
     [
      77.644079,
      12.918718
     ],
     [
      77.644067,
      12.918736
     ],
     [
      77.644062,
      12.918756
     ],
     [
      77.644064,
      12.918777
     ]
    ]
   },
   "properties": {
    "segment_id": "R-412",
    "name": "Unnamed road",
    "kind": "residential",
    "highway": "residential",
    "oneway": true,
    "from_node": "5931055713",
    "to_node": "11754633198",
    "length_m": 14,
    "elevation_m": 887.0,
    "is_low_point": false,
    "drain_distance_m": 159,
    "drain_capacity_mm_hr": 34,
    "history_score": 0.42,
    "water_distance_m": 213
   }
  },
  {
   "type": "Feature",
   "geometry": {
    "type": "LineString",
    "coordinates": [
     [
      77.645039,
      12.920937
     ],
     [
      77.645103,
      12.920934
     ],
     [
      77.645531,
      12.920911
     ]
    ]
   },
   "properties": {
    "segment_id": "R-413",
    "name": "Unnamed road",
    "kind": "residential",
    "highway": "residential",
    "oneway": false,
    "from_node": "6130226927",
    "to_node": "6130226929",
    "length_m": 53,
    "elevation_m": 883.0,
    "is_low_point": false,
    "drain_distance_m": 139,
    "drain_capacity_mm_hr": 25,
    "history_score": 0.55,
    "water_distance_m": 158
   }
  },
  {
   "type": "Feature",
   "geometry": {
    "type": "LineString",
    "coordinates": [
     [
      77.64553,
      12.921224
     ],
     [
      77.645531,
      12.920911
     ]
    ]
   },
   "properties": {
    "segment_id": "R-414",
    "name": "20th Main Road",
    "kind": "residential",
    "highway": "residential",
    "oneway": false,
    "from_node": "6130226928",
    "to_node": "6130226929",
    "length_m": 35,
    "elevation_m": 883.5,
    "is_low_point": false,
    "drain_distance_m": 96,
    "drain_capacity_mm_hr": 27,
    "history_score": 0.58,
    "water_distance_m": 170
   }
  },
  {
   "type": "Feature",
   "geometry": {
    "type": "LineString",
    "coordinates": [
     [
      77.64553,
      12.921224
     ],
     [
      77.645899,
      12.92122
     ]
    ]
   },
   "properties": {
    "segment_id": "R-415",
    "name": "Unnamed road",
    "kind": "residential",
    "highway": "residential",
    "oneway": false,
    "from_node": "6130226928",
    "to_node": "6130226930",
    "length_m": 40,
    "elevation_m": 884.5,
    "is_low_point": false,
    "drain_distance_m": 140,
    "drain_capacity_mm_hr": 28,
    "history_score": 0.47,
    "water_distance_m": 173
   }
  },
  {
   "type": "Feature",
   "geometry": {
    "type": "LineString",
    "coordinates": [
     [
      77.64553,
      12.921224
     ],
     [
      77.645544,
      12.921531
     ],
     [
      77.645593,
      12.92181
     ],
     [
      77.64583,
      12.922039
     ]
    ]
   },
   "properties": {
    "segment_id": "R-416",
    "name": "20th Main Road",
    "kind": "lakeside",
    "highway": "residential",
    "oneway": false,
    "from_node": "6130226928",
    "to_node": "6131800546",
    "length_m": 102,
    "elevation_m": 881.5,
    "is_low_point": false,
    "drain_distance_m": 208,
    "drain_capacity_mm_hr": 27,
    "history_score": 0.7,
    "water_distance_m": 138
   }
  },
  {
   "type": "Feature",
   "geometry": {
    "type": "LineString",
    "coordinates": [
     [
      77.645531,
      12.920911
     ],
     [
      77.645509,
      12.920323
     ]
    ]
   },
   "properties": {
    "segment_id": "R-417",
    "name": "20th Main Road",
    "kind": "residential",
    "highway": "residential",
    "oneway": false,
    "from_node": "6130226929",
    "to_node": "6196261541",
    "length_m": 65,
    "elevation_m": 886.0,
    "is_low_point": false,
    "drain_distance_m": 158,
    "drain_capacity_mm_hr": 34,
    "history_score": 0.52,
    "water_distance_m": 199
   }
  },
  {
   "type": "Feature",
   "geometry": {
    "type": "LineString",
    "coordinates": [
     [
      77.645899,
      12.92122
     ],
     [
      77.646305,
      12.921174
     ]
    ]
   },
   "properties": {
    "segment_id": "R-418",
    "name": "2nd Cross Road",
    "kind": "residential",
    "highway": "residential",
    "oneway": false,
    "from_node": "6130226930",
    "to_node": "11063510865",
    "length_m": 44,
    "elevation_m": 887.0,
    "is_low_point": false,
    "drain_distance_m": 151,
    "drain_capacity_mm_hr": 30,
    "history_score": 0.55,
    "water_distance_m": 204
   }
  },
  {
   "type": "Feature",
   "geometry": {
    "type": "LineString",
    "coordinates": [
     [
      77.645899,
      12.92122
     ],
     [
      77.645888,
      12.921007
     ],
     [
      77.645882,
      12.920936
     ],
     [
      77.645729,
      12.92031
     ]
    ]
   },
   "properties": {
    "segment_id": "R-419",
    "name": "Unnamed road",
    "kind": "residential",
    "highway": "residential",
    "oneway": false,
    "from_node": "6130226930",
    "to_node": "9189234398",
    "length_m": 103,
    "elevation_m": 887.5,
    "is_low_point": false,
    "drain_distance_m": 139,
    "drain_capacity_mm_hr": 35,
    "history_score": 0.54,
    "water_distance_m": 215
   }
  },
  {
   "type": "Feature",
   "geometry": {
    "type": "LineString",
    "coordinates": [
     [
      77.646931,
      12.921103
     ],
     [
      77.646933,
      12.920708
     ]
    ]
   },
   "properties": {
    "segment_id": "R-420",
    "name": "21st Main Road",
    "kind": "residential",
    "highway": "residential",
    "oneway": false,
    "from_node": "6130226931",
    "to_node": "6196261538",
    "length_m": 44,
    "elevation_m": 889.0,
    "is_low_point": false,
    "drain_distance_m": 125,
    "drain_capacity_mm_hr": 32,
    "history_score": 0.42,
    "water_distance_m": 288
   }
  },
  {
   "type": "Feature",
   "geometry": {
    "type": "LineString",
    "coordinates": [
     [
      77.646931,
      12.921103
     ],
     [
      77.646305,
      12.921174
     ]
    ]
   },
   "properties": {
    "segment_id": "R-421",
    "name": "2nd Cross Road",
    "kind": "residential",
    "highway": "residential",
    "oneway": false,
    "from_node": "6130226931",
    "to_node": "11063510865",
    "length_m": 68,
    "elevation_m": 888.0,
    "is_low_point": false,
    "drain_distance_m": 97,
    "drain_capacity_mm_hr": 26,
    "history_score": 0.38,
    "water_distance_m": 246
   }
  },
  {
   "type": "Feature",
   "geometry": {
    "type": "LineString",
    "coordinates": [
     [
      77.64583,
      12.922039
     ],
     [
      77.645548,
      12.922388
     ]
    ]
   },
   "properties": {
    "segment_id": "R-422",
    "name": "Unnamed road",
    "kind": "lakeside",
    "highway": "residential",
    "oneway": false,
    "from_node": "6131800546",
    "to_node": "6131800547",
    "length_m": 49,
    "elevation_m": 878.5,
    "is_low_point": false,
    "drain_distance_m": 234,
    "drain_capacity_mm_hr": 27,
    "history_score": 0.75,
    "water_distance_m": 90
   }
  },
  {
   "type": "Feature",
   "geometry": {
    "type": "LineString",
    "coordinates": [
     [
      77.645548,
      12.922388
     ],
     [
      77.645129,
      12.922014
     ],
     [
      77.64504,
      12.921926
     ]
    ]
   },
   "properties": {
    "segment_id": "R-423",
    "name": "Unnamed road",
    "kind": "lakeside",
    "highway": "tertiary",
    "oneway": true,
    "from_node": "6131800547",
    "to_node": "2387017507",
    "length_m": 75,
    "elevation_m": 878.0,
    "is_low_point": false,
    "drain_distance_m": 217,
    "drain_capacity_mm_hr": 25,
    "history_score": 0.68,
    "water_distance_m": 67
   }
  },
  {
   "type": "Feature",
   "geometry": {
    "type": "LineString",
    "coordinates": [
     [
      77.660162,
      12.927915
     ],
     [
      77.660032,
      12.92824
     ]
    ]
   },
   "properties": {
    "segment_id": "R-424",
    "name": "Unnamed road",
    "kind": "residential",
    "highway": "residential",
    "oneway": false,
    "from_node": "6141960220",
    "to_node": "6141960225",
    "length_m": 39,
    "elevation_m": 880.5,
    "is_low_point": false,
    "drain_distance_m": 138,
    "drain_capacity_mm_hr": 29,
    "history_score": 0.65,
    "water_distance_m": 172
   }
  },
  {
   "type": "Feature",
   "geometry": {
    "type": "LineString",
    "coordinates": [
     [
      77.660162,
      12.927915
     ],
     [
      77.660298,
      12.928068
     ],
     [
      77.660448,
      12.928285
     ],
     [
      77.660505,
      12.928449
     ],
     [
      77.660544,
      12.928627
     ]
    ]
   },
   "properties": {
    "segment_id": "R-425",
    "name": "Unnamed road",
    "kind": "residential",
    "highway": "residential",
    "oneway": false,
    "from_node": "6141960220",
    "to_node": "6141960221",
    "length_m": 91,
    "elevation_m": 880.0,
    "is_low_point": false,
    "drain_distance_m": 131,
    "drain_capacity_mm_hr": 26,
    "history_score": 0.61,
    "water_distance_m": 157
   }
  },
  {
   "type": "Feature",
   "geometry": {
    "type": "LineString",
    "coordinates": [
     [
      77.660162,
      12.927915
     ],
     [
      77.660192,
      12.927828
     ],
     [
      77.66046,
      12.927623
     ],
     [
      77.660908,
      12.927299
     ],
     [
      77.661755,
      12.926666
     ]
    ]
   },
   "properties": {
    "segment_id": "R-426",
    "name": "Unnamed road",
    "kind": "residential",
    "highway": "residential",
    "oneway": false,
    "from_node": "6141960220",
    "to_node": "6141960237",
    "length_m": 223,
    "elevation_m": 879.5,
    "is_low_point": false,
    "drain_distance_m": 127,
    "drain_capacity_mm_hr": 29,
    "history_score": 0.66,
    "water_distance_m": 240
   }
  },
  {
   "type": "Feature",
   "geometry": {
    "type": "LineString",
    "coordinates": [
     [
      77.660544,
      12.928627
     ],
     [
      77.660355,
      12.92869
     ]
    ]
   },
   "properties": {
    "segment_id": "R-427",
    "name": "Unnamed road",
    "kind": "lakeside",
    "highway": "residential",
    "oneway": false,
    "from_node": "6141960221",
    "to_node": "6141960222",
    "length_m": 22,
    "elevation_m": 880.0,
    "is_low_point": false,
    "drain_distance_m": 265,
    "drain_capacity_mm_hr": 27,
    "history_score": 0.58,
    "water_distance_m": 119
   }
  },
  {
   "type": "Feature",
   "geometry": {
    "type": "LineString",
    "coordinates": [
     [
      77.660544,
      12.928627
     ],
     [
      77.661407,
      12.928412
     ],
     [
      77.661631,
      12.92833
     ],
     [
      77.661755,
      12.928262
     ],
     [
      77.661919,
      12.928103
     ],
     [
      77.66206,
      12.927935
     ],
     [
      77.66215,
      12.927772
     ],
     [
      77.662203,
      12.927505
     ],
     [
      77.662178,
      12.927336
     ],
     [
      77.662127,
      12.927234
     ],
     [
      77.661849,
      12.926778
     ]
    ]
   },
   "properties": {
    "segment_id": "R-428",
    "name": "Unnamed road",
    "kind": "residential",
    "highway": "residential",
    "oneway": false,
    "from_node": "6141960221",
    "to_node": "7262783225",
    "length_m": 329,
    "elevation_m": 879.5,
    "is_low_point": false,
    "drain_distance_m": 165,
    "drain_capacity_mm_hr": 25,
    "history_score": 0.62,
    "water_distance_m": 189
   }
  },
  {
   "type": "Feature",
   "geometry": {
    "type": "LineString",
    "coordinates": [
     [
      77.660355,
      12.92869
     ],
     [
      77.660407,
      12.928864
     ]
    ]
   },
   "properties": {
    "segment_id": "R-429",
    "name": "Unnamed road",
    "kind": "lakeside",
    "highway": "residential",
    "oneway": false,
    "from_node": "6141960222",
    "to_node": "11428023657",
    "length_m": 20,
    "elevation_m": 880.0,
    "is_low_point": false,
    "drain_distance_m": 266,
    "drain_capacity_mm_hr": 26,
    "history_score": 0.75,
    "water_distance_m": 104
   }
  },
  {
   "type": "Feature",
   "geometry": {
    "type": "LineString",
    "coordinates": [
     [
      77.660355,
      12.92869
     ],
     [
      77.660292,
      12.928506
     ]
    ]
   },
   "properties": {
    "segment_id": "R-430",
    "name": "Unnamed road",
    "kind": "lakeside",
    "highway": "residential",
    "oneway": false,
    "from_node": "6141960222",
    "to_node": "13361368572",
    "length_m": 22,
    "elevation_m": 880.0,
    "is_low_point": false,
    "drain_distance_m": 233,
    "drain_capacity_mm_hr": 27,
    "history_score": 0.68,
    "water_distance_m": 121
   }
  },
  {
   "type": "Feature",
   "geometry": {
    "type": "LineString",
    "coordinates": [
     [
      77.660032,
      12.92824
     ],
     [
      77.659997,
      12.928221
     ],
     [
      77.659958,
      12.928232
     ],
     [
      77.659591,
      12.928671
     ],
     [
      77.659434,
      12.928897
     ],
     [
      77.65942,
      12.92893
     ]
    ]
   },
   "properties": {
    "segment_id": "R-431",
    "name": "Unnamed road",
    "kind": "lakeside",
    "highway": "residential",
    "oneway": false,
    "from_node": "6141960225",
    "to_node": "7262783257",
    "length_m": 106,
    "elevation_m": 880.5,
    "is_low_point": false,
    "drain_distance_m": 235,
    "drain_capacity_mm_hr": 23,
    "history_score": 0.75,
    "water_distance_m": 109
   }
  },
  {
   "type": "Feature",
   "geometry": {
    "type": "LineString",
    "coordinates": [
     [
      77.660032,
      12.92824
     ],
     [
      77.660052,
      12.928256
     ],
     [
      77.660259,
      12.928409
     ],
     [
      77.660292,
      12.928506
     ]
    ]
   },
   "properties": {
    "segment_id": "R-432",
    "name": "Unnamed road",
    "kind": "lakeside",
    "highway": "residential",
    "oneway": false,
    "from_node": "6141960225",
    "to_node": "13361368572",
    "length_m": 42,
    "elevation_m": 880.5,
    "is_low_point": false,
    "drain_distance_m": 239,
    "drain_capacity_mm_hr": 26,
    "history_score": 0.67,
    "water_distance_m": 142
   }
  },
  {
   "type": "Feature",
   "geometry": {
    "type": "LineString",
    "coordinates": [
     [
      77.661755,
      12.926666
     ],
     [
      77.661849,
      12.926778
     ]
    ]
   },
   "properties": {
    "segment_id": "R-433",
    "name": "Unnamed road",
    "kind": "residential",
    "highway": "residential",
    "oneway": false,
    "from_node": "6141960237",
    "to_node": "7262783225",
    "length_m": 16,
    "elevation_m": 879.0,
    "is_low_point": false,
    "drain_distance_m": 124,
    "drain_capacity_mm_hr": 35,
    "history_score": 0.63,
    "water_distance_m": 237
   }
  },
  {
   "type": "Feature",
   "geometry": {
    "type": "LineString",
    "coordinates": [
     [
      77.646437,
      12.920802
     ],
     [
      77.646933,
      12.920708
     ]
    ]
   },
   "properties": {
    "segment_id": "R-434",
    "name": "Unnamed road",
    "kind": "residential",
    "highway": "residential",
    "oneway": false,
    "from_node": "6196261537",
    "to_node": "6196261538",
    "length_m": 55,
    "elevation_m": 890.0,
    "is_low_point": false,
    "drain_distance_m": 179,
    "drain_capacity_mm_hr": 33,
    "history_score": 0.44,
    "water_distance_m": 283
   }
  },
  {
   "type": "Feature",
   "geometry": {
    "type": "LineString",
    "coordinates": [
     [
      77.646933,
      12.920708
     ],
     [
      77.64693,
      12.920467
     ]
    ]
   },
   "properties": {
    "segment_id": "R-435",
    "name": "21st Main Road",
    "kind": "residential",
    "highway": "residential",
    "oneway": false,
    "from_node": "6196261538",
    "to_node": "6196261540",
    "length_m": 27,
    "elevation_m": 890.5,
    "is_low_point": false,
    "drain_distance_m": 171,
    "drain_capacity_mm_hr": 34,
    "history_score": 0.42,
    "water_distance_m": 314
   }
  },
  {
   "type": "Feature",
   "geometry": {
    "type": "LineString",
    "coordinates": [
     [
      77.646071,
      12.920663
     ],
     [
      77.64693,
      12.920467
     ]
    ]
   },
   "properties": {
    "segment_id": "R-436",
    "name": "Unnamed road",
    "kind": "residential",
    "highway": "residential",
    "oneway": false,
    "from_node": "6196261539",
    "to_node": "6196261540",
    "length_m": 96,
    "elevation_m": 890.0,
    "is_low_point": false,
    "drain_distance_m": 161,
    "drain_capacity_mm_hr": 30,
    "history_score": 0.39,
    "water_distance_m": 285
   }
  },
  {
   "type": "Feature",
   "geometry": {
    "type": "LineString",
    "coordinates": [
     [
      77.64693,
      12.920467
     ],
     [
      77.646888,
      12.920248
     ]
    ]
   },
   "properties": {
    "segment_id": "R-437",
    "name": "21st Main Road",
    "kind": "residential",
    "highway": "residential",
    "oneway": false,
    "from_node": "6196261540",
    "to_node": "6196261542",
    "length_m": 25,
    "elevation_m": 891.5,
    "is_low_point": false,
    "drain_distance_m": 130,
    "drain_capacity_mm_hr": 28,
    "history_score": 0.3,
    "water_distance_m": 332
   }
  },
  {
   "type": "Feature",
   "geometry": {
    "type": "LineString",
    "coordinates": [
     [
      77.645509,
      12.920323
     ],
     [
      77.645729,
      12.92031
     ]
    ]
   },
   "properties": {
    "segment_id": "R-438",
    "name": "Unnamed road",
    "kind": "residential",
    "highway": "residential",
    "oneway": false,
    "from_node": "6196261541",
    "to_node": "9189234398",
    "length_m": 24,
    "elevation_m": 888.5,
    "is_low_point": false,
    "drain_distance_m": 194,
    "drain_capacity_mm_hr": 27,
    "history_score": 0.45,
    "water_distance_m": 229
   }
  },
  {
   "type": "Feature",
   "geometry": {
    "type": "LineString",
    "coordinates": [
     [
      77.646888,
      12.920248
     ],
     [
      77.645729,
      12.92031
     ]
    ]
   },
   "properties": {
    "segment_id": "R-439",
    "name": "Unnamed road",
    "kind": "residential",
    "highway": "residential",
    "oneway": false,
    "from_node": "6196261542",
    "to_node": "9189234398",
    "length_m": 126,
    "elevation_m": 890.5,
    "is_low_point": false,
    "drain_distance_m": 105,
    "drain_capacity_mm_hr": 27,
    "history_score": 0.31,
    "water_distance_m": 290
   }
  },
  {
   "type": "Feature",
   "geometry": {
    "type": "LineString",
    "coordinates": [
     [
      77.646888,
      12.920248
     ],
     [
      77.646883,
      12.919954
     ]
    ]
   },
   "properties": {
    "segment_id": "R-440",
    "name": "21st Main Road",
    "kind": "residential",
    "highway": "residential",
    "oneway": false,
    "from_node": "6196261542",
    "to_node": "6196261543",
    "length_m": 33,
    "elevation_m": 892.0,
    "is_low_point": false,
    "drain_distance_m": 101,
    "drain_capacity_mm_hr": 34,
    "history_score": 0.4,
    "water_distance_m": 351
   }
  },
  {
   "type": "Feature",
   "geometry": {
    "type": "LineString",
    "coordinates": [
     [
      77.662665,
      12.927414
     ],
     [
      77.662608,
      12.927523
     ],
     [
      77.662585,
      12.927561
     ],
     [
      77.662508,
      12.927641
     ]
    ]
   },
   "properties": {
    "segment_id": "R-441",
    "name": "Unnamed road",
    "kind": "lakeside",
    "highway": "residential",
    "oneway": false,
    "from_node": "6197379414",
    "to_node": "11395492466",
    "length_m": 31,
    "elevation_m": 877.5,
    "is_low_point": false,
    "drain_distance_m": 288,
    "drain_capacity_mm_hr": 27,
    "history_score": 0.63,
    "water_distance_m": 123
   }
  },
  {
   "type": "Feature",
   "geometry": {
    "type": "LineString",
    "coordinates": [
     [
      77.662665,
      12.927414
     ],
     [
      77.662775,
      12.927166
     ],
     [
      77.662848,
      12.927004
     ]
    ]
   },
   "properties": {
    "segment_id": "R-442",
    "name": "Unnamed road",
    "kind": "lakeside",
    "highway": "residential",
    "oneway": false,
    "from_node": "6197379414",
    "to_node": "11395492454",
    "length_m": 50,
    "elevation_m": 878.0,
    "is_low_point": false,
    "drain_distance_m": 277,
    "drain_capacity_mm_hr": 24,
    "history_score": 0.63,
    "water_distance_m": 128
   }
  },
  {
   "type": "Feature",
   "geometry": {
    "type": "LineString",
    "coordinates": [
     [
      77.662665,
      12.927414
     ],
     [
      77.663495,
      12.927781
     ],
     [
      77.663535,
      12.927781
     ],
     [
      77.66358,
      12.927769
     ],
     [
      77.663606,
      12.927745
     ],
     [
      77.663875,
      12.926987
     ],
     [
      77.663872,
      12.926948
     ],
     [
      77.663853,
      12.926912
     ],
     [
      77.662937,
      12.926792
     ]
    ]
   },
   "properties": {
    "segment_id": "R-443",
    "name": "Unnamed road",
    "kind": "lakeside",
    "highway": "residential",
    "oneway": false,
    "from_node": "6197379414",
    "to_node": "7262783226",
    "length_m": 310,
    "elevation_m": 878.5,
    "is_low_point": false,
    "drain_distance_m": 216,
    "drain_capacity_mm_hr": 24,
    "history_score": 0.77,
    "water_distance_m": 124
   }
  },
  {
   "type": "Feature",
   "geometry": {
    "type": "LineString",
    "coordinates": [
     [
      77.663978,
      12.926819
     ],
     [
      77.663959,
      12.92689
     ],
     [
      77.663743,
      12.927706
     ],
     [
      77.663687,
      12.927809
     ],
     [
      77.663613,
      12.927896
     ],
     [
      77.663582,
      12.927947
     ],
     [
      77.663477,
      12.928123
     ],
     [
      77.663263,
      12.928374
     ],
     [
      77.663243,
      12.928388
     ],
     [
      77.66319,
      12.928434
     ]
    ]
   },
   "properties": {
    "segment_id": "R-444",
    "name": "Unnamed road",
    "kind": "lakeside",
    "highway": "unclassified",
    "oneway": false,
    "from_node": "6197379428",
    "to_node": "7263153521",
    "length_m": 203,
    "elevation_m": 876.5,
    "is_low_point": false,
    "drain_distance_m": 281,
    "drain_capacity_mm_hr": 27,
    "history_score": 0.7,
    "water_distance_m": 35
   }
  },
  {
   "type": "Feature",
   "geometry": {
    "type": "LineString",
    "coordinates": [
     [
      77.651789,
      12.921176
     ],
     [
      77.65179,
      12.921071
     ],
     [
      77.65179,
      12.920982
     ]
    ]
   },
   "properties": {
    "segment_id": "R-445",
    "name": "Unnamed road",
    "kind": "residential",
    "highway": "residential",
    "oneway": false,
    "from_node": "6208444685",
    "to_node": "11831380332",
    "length_m": 22,
    "elevation_m": 883.5,
    "is_low_point": false,
    "drain_distance_m": 135,
    "drain_capacity_mm_hr": 29,
    "history_score": 0.61,
    "water_distance_m": 189
   }
  },
  {
   "type": "Feature",
   "geometry": {
    "type": "LineString",
    "coordinates": [
     [
      77.648641,
      12.922673
     ],
     [
      77.64887,
      12.922668
     ],
     [
      77.649001,
      12.922671
     ],
     [
      77.649114,
      12.922678
     ]
    ]
   },
   "properties": {
    "segment_id": "R-446",
    "name": "Unnamed road",
    "kind": "residential",
    "highway": "residential",
    "oneway": false,
    "from_node": "6457067893",
    "to_node": "6457067894",
    "length_m": 51,
    "elevation_m": 886.5,
    "is_low_point": false,
    "drain_distance_m": 139,
    "drain_capacity_mm_hr": 27,
    "history_score": 0.45,
    "water_distance_m": 257
   }
  },
  {
   "type": "Feature",
   "geometry": {
    "type": "LineString",
    "coordinates": [
     [
      77.648936,
      12.921066
     ],
     [
      77.648932,
      12.920879
     ]
    ]
   },
   "properties": {
    "segment_id": "R-447",
    "name": "Unnamed road",
    "kind": "residential",
    "highway": "residential",
    "oneway": false,
    "from_node": "6458176792",
    "to_node": "6504556325",
    "length_m": 21,
    "elevation_m": 890.5,
    "is_low_point": false,
    "drain_distance_m": 139,
    "drain_capacity_mm_hr": 33,
    "history_score": 0.39,
    "water_distance_m": 319
   }
  },
  {
   "type": "Feature",
   "geometry": {
    "type": "LineString",
    "coordinates": [
     [
      77.648936,
      12.921066
     ],
     [
      77.648538,
      12.921077
     ]
    ]
   },
   "properties": {
    "segment_id": "R-448",
    "name": "Unnamed road",
    "kind": "residential",
    "highway": "residential",
    "oneway": false,
    "from_node": "6458176792",
    "to_node": "7432244868",
    "length_m": 43,
    "elevation_m": 891.0,
    "is_low_point": false,
    "drain_distance_m": 179,
    "drain_capacity_mm_hr": 28,
    "history_score": 0.37,
    "water_distance_m": 330
   }
  },
  {
   "type": "Feature",
   "geometry": {
    "type": "LineString",
    "coordinates": [
     [
      77.649231,
      12.924237
     ],
     [
      77.649262,
      12.923897
     ],
     [
      77.649288,
      12.923775
     ]
    ]
   },
   "properties": {
    "segment_id": "R-449",
    "name": "Unnamed road",
    "kind": "lakeside",
    "highway": "residential",
    "oneway": false,
    "from_node": "6462301370",
    "to_node": "6462301371",
    "length_m": 52,
    "elevation_m": 881.0,
    "is_low_point": false,
    "drain_distance_m": 237,
    "drain_capacity_mm_hr": 27,
    "history_score": 0.73,
    "water_distance_m": 125
   }
  },
  {
   "type": "Feature",
   "geometry": {
    "type": "LineString",
    "coordinates": [
     [
      77.649231,
      12.924237
     ],
     [
      77.648675,
      12.924205
     ],
     [
      77.64845,
      12.924174
     ],
     [
      77.648135,
      12.924115
     ],
     [
      77.647918,
      12.924057
     ],
     [
      77.647509,
      12.923902
     ],
     [
      77.647355,
      12.923826
     ]
    ]
   },
   "properties": {
    "segment_id": "R-450",
    "name": "Unnamed road",
    "kind": "residential",
    "highway": "tertiary",
    "oneway": true,
    "from_node": "6462301370",
    "to_node": "2509419432",
    "length_m": 210,
    "elevation_m": 880.0,
    "is_low_point": false,
    "drain_distance_m": 141,
    "drain_capacity_mm_hr": 36,
    "history_score": 0.6,
    "water_distance_m": 194
   }
  },
  {
   "type": "Feature",
   "geometry": {
    "type": "LineString",
    "coordinates": [
     [
      77.649974,
      12.92447
     ],
     [
      77.649937,
      12.924556
     ],
     [
      77.649893,
      12.924582
     ],
     [
      77.649854,
      12.924589
     ],
     [
      77.649727,
      12.924611
     ],
     [
      77.649552,
      12.924618
     ]
    ]
   },
   "properties": {
    "segment_id": "R-451",
    "name": "Sarjapur Road",
    "kind": "lakeside",
    "highway": "primary",
    "oneway": true,
    "from_node": "6463569335",
    "to_node": "3826045400",
    "length_m": 53,
    "elevation_m": 880.5,
    "is_low_point": false,
    "drain_distance_m": 253,
    "drain_capacity_mm_hr": 24,
    "history_score": 0.77,
    "water_distance_m": 52
   }
  },
  {
   "type": "Feature",
   "geometry": {
    "type": "LineString",
    "coordinates": [
     [
      77.649974,
      12.92447
     ],
     [
      77.650306,
      12.924481
     ],
     [
      77.650454,
      12.924483
     ]
    ]
   },
   "properties": {
    "segment_id": "R-452",
    "name": "Outer Ring Road",
    "kind": "lakeside",
    "highway": "primary",
    "oneway": true,
    "from_node": "6463569335",
    "to_node": "747663279",
    "length_m": 52,
    "elevation_m": 883.5,
    "is_low_point": false,
    "drain_distance_m": 280,
    "drain_capacity_mm_hr": 27,
    "history_score": 0.54,
    "water_distance_m": 73
   }
  },
  {
   "type": "Feature",
   "geometry": {
    "type": "LineString",
    "coordinates": [
     [
      77.661466,
      12.921736
     ],
     [
      77.661685,
      12.92168
     ]
    ]
   },
   "properties": {
    "segment_id": "R-453",
    "name": "Unnamed road",
    "kind": "residential",
    "highway": "tertiary",
    "oneway": true,
    "from_node": "6536271335",
    "to_node": "4415617860",
    "length_m": 25,
    "elevation_m": 894.5,
    "is_low_point": false,
    "drain_distance_m": 161,
    "drain_capacity_mm_hr": 27,
    "history_score": 0.34,
    "water_distance_m": 441
   }
  },
  {
   "type": "Feature",
   "geometry": {
    "type": "LineString",
    "coordinates": [
     [
      77.66547,
      12.919419
     ],
     [
      77.665466,
      12.919402
     ]
    ]
   },
   "properties": {
    "segment_id": "R-454",
    "name": "Unnamed road",
    "kind": "lakeside",
    "highway": "residential",
    "oneway": false,
    "from_node": "6560482769",
    "to_node": "13333548793",
    "length_m": 2,
    "elevation_m": 882.0,
    "is_low_point": false,
    "drain_distance_m": 210,
    "drain_capacity_mm_hr": 25,
    "history_score": 0.71,
    "water_distance_m": 63
   }
  },
  {
   "type": "Feature",
   "geometry": {
    "type": "LineString",
    "coordinates": [
     [
      77.66547,
      12.919419
     ],
     [
      77.665457,
      12.919473
     ],
     [
      77.66563,
      12.920187
     ],
     [
      77.665662,
      12.920325
     ]
    ]
   },
   "properties": {
    "segment_id": "R-455",
    "name": "Unnamed road",
    "kind": "lakeside",
    "highway": "residential",
    "oneway": true,
    "from_node": "6560482769",
    "to_node": "5774292415",
    "length_m": 104,
    "elevation_m": 882.5,
    "is_low_point": false,
    "drain_distance_m": 229,
    "drain_capacity_mm_hr": 27,
    "history_score": 0.68,
    "water_distance_m": 66
   }
  },
  {
   "type": "Feature",
   "geometry": {
    "type": "LineString",
    "coordinates": [
     [
      77.654008,
      12.924446
     ],
     [
      77.653988,
      12.923984
     ]
    ]
   },
   "properties": {
    "segment_id": "R-456",
    "name": "Unnamed road",
    "kind": "residential",
    "highway": "residential",
    "oneway": false,
    "from_node": "6894631549",
    "to_node": "6894631550",
    "length_m": 51,
    "elevation_m": 887.0,
    "is_low_point": false,
    "drain_distance_m": 190,
    "drain_capacity_mm_hr": 27,
    "history_score": 0.4,
    "water_distance_m": 296
   }
  },
  {
   "type": "Feature",
   "geometry": {
    "type": "LineString",
    "coordinates": [
     [
      77.653988,
      12.923984
     ],
     [
      77.654146,
      12.923951
     ],
     [
      77.654312,
      12.923916
     ],
     [
      77.654786,
      12.923817
     ],
     [
      77.654865,
      12.923797
     ],
     [
      77.655042,
      12.923753
     ],
     [
      77.65528,
      12.923693
     ],
     [
      77.655403,
      12.923662
     ],
     [
      77.655451,
      12.923647
     ],
     [
      77.655671,
      12.923602
     ],
     [
      77.656251,
      12.923436
     ],
     [
      77.656678,
      12.923292
     ],
     [
      77.657399,
      12.923042
     ],
     [
      77.65998,
      12.92212
     ],
     [
      77.661267,
      12.921788
     ],
     [
      77.661466,
      12.921736
     ]
    ]
   },
   "properties": {
    "segment_id": "R-457",
    "name": "Unnamed road",
    "kind": "residential",
    "highway": "tertiary",
    "oneway": true,
    "from_node": "6894631550",
    "to_node": "6536271335",
    "length_m": 849,
    "elevation_m": 890.0,
    "is_low_point": false,
    "drain_distance_m": 194,
    "drain_capacity_mm_hr": 29,
    "history_score": 0.26,
    "water_distance_m": 579
   }
  },
  {
   "type": "Feature",
   "geometry": {
    "type": "LineString",
    "coordinates": [
     [
      77.666207,
      12.917882
     ],
     [
      77.666295,
      12.91818
     ]
    ]
   },
   "properties": {
    "segment_id": "R-458",
    "name": "Unnamed road",
    "kind": "lakeside",
    "highway": "residential",
    "oneway": false,
    "from_node": "6901807375",
    "to_node": "12183845714",
    "length_m": 34,
    "elevation_m": 890.5,
    "is_low_point": false,
    "drain_distance_m": 235,
    "drain_capacity_mm_hr": 25,
    "history_score": 0.37,
    "water_distance_m": 57
   }
  },
  {
   "type": "Feature",
   "geometry": {
    "type": "LineString",
    "coordinates": [
     [
      77.666705,
      12.919669
     ],
     [
      77.666295,
      12.91818
     ]
    ]
   },
   "properties": {
    "segment_id": "R-459",
    "name": "Unnamed road",
    "kind": "lakeside",
    "highway": "residential",
    "oneway": false,
    "from_node": "7087402839",
    "to_node": "12183845714",
    "length_m": 171,
    "elevation_m": 890.0,
    "is_low_point": false,
    "drain_distance_m": 250,
    "drain_capacity_mm_hr": 22,
    "history_score": 0.42,
    "water_distance_m": 58
   }
  },
  {
   "type": "Feature",
   "geometry": {
    "type": "LineString",
    "coordinates": [
     [
      77.660113,
      12.929256
     ],
     [
      77.660349,
      12.928942
     ]
    ]
   },
   "properties": {
    "segment_id": "R-460",
    "name": "Unnamed road",
    "kind": "lakeside",
    "highway": "residential",
    "oneway": false,
    "from_node": "7159867858",
    "to_node": "11428023652",
    "length_m": 43,
    "elevation_m": 879.0,
    "is_low_point": false,
    "drain_distance_m": 237,
    "drain_capacity_mm_hr": 28,
    "history_score": 0.61,
    "water_distance_m": 65
   }
  },
  {
   "type": "Feature",
   "geometry": {
    "type": "LineString",
    "coordinates": [
     [
      77.660113,
      12.929256
     ],
     [
      77.659926,
      12.929227
     ],
     [
      77.659783,
      12.92921
     ]
    ]
   },
   "properties": {
    "segment_id": "R-461",
    "name": "Unnamed road",
    "kind": "lakeside",
    "highway": "residential",
    "oneway": false,
    "from_node": "7159867858",
    "to_node": "11395509162",
    "length_m": 36,
    "elevation_m": 878.0,
    "is_low_point": false,
    "drain_distance_m": 284,
    "drain_capacity_mm_hr": 28,
    "history_score": 0.76,
    "water_distance_m": 44
   }
  },
  {
   "type": "Feature",
   "geometry": {
    "type": "LineString",
    "coordinates": [
     [
      77.660113,
      12.929256
     ],
     [
      77.660315,
      12.929334
     ],
     [
      77.660387,
      12.929323
     ],
     [
      77.660422,
      12.92929
     ],
     [
      77.660507,
      12.929172
     ],
     [
      77.66051,
      12.929152
     ],
     [
      77.660504,
      12.929125
     ],
     [
      77.66043,
      12.928943
     ],
     [
      77.660407,
      12.928864
     ]
    ]
   },
   "properties": {
    "segment_id": "R-462",
    "name": "Unnamed road",
    "kind": "lakeside",
    "highway": "residential",
    "oneway": false,
    "from_node": "7159867858",
    "to_node": "11428023657",
    "length_m": 89,
    "elevation_m": 879.0,
    "is_low_point": false,
    "drain_distance_m": 214,
    "drain_capacity_mm_hr": 27,
    "history_score": 0.66,
    "water_distance_m": 70
   }
  },
  {
   "type": "Feature",
   "geometry": {
    "type": "LineString",
    "coordinates": [
     [
      77.661849,
      12.926778
     ],
     [
      77.662027,
      12.926626
     ],
     [
      77.662136,
      12.92652
     ]
    ]
   },
   "properties": {
    "segment_id": "R-463",
    "name": "Unnamed road",
    "kind": "residential",
    "highway": "residential",
    "oneway": true,
    "from_node": "7262783225",
    "to_node": "7262783224",
    "length_m": 42,
    "elevation_m": 880.0,
    "is_low_point": false,
    "drain_distance_m": 167,
    "drain_capacity_mm_hr": 34,
    "history_score": 0.57,
    "water_distance_m": 219
   }
  },
  {
   "type": "Feature",
   "geometry": {
    "type": "LineString",
    "coordinates": [
     [
      77.662937,
      12.926792
     ],
     [
      77.662848,
      12.927004
     ]
    ]
   },
   "properties": {
    "segment_id": "R-464",
    "name": "Unnamed road",
    "kind": "lakeside",
    "highway": "residential",
    "oneway": false,
    "from_node": "7262783226",
    "to_node": "11395492454",
    "length_m": 25,
    "elevation_m": 878.5,
    "is_low_point": false,
    "drain_distance_m": 245,
    "drain_capacity_mm_hr": 26,
    "history_score": 0.6,
    "water_distance_m": 117
   }
  },
  {
   "type": "Feature",
   "geometry": {
    "type": "LineString",
    "coordinates": [
     [
      77.65942,
      12.92893
     ],
     [
      77.659714,
      12.929127
     ]
    ]
   },
   "properties": {
    "segment_id": "R-465",
    "name": "Unnamed road",
    "kind": "lakeside",
    "highway": "residential",
    "oneway": false,
    "from_node": "7262783257",
    "to_node": "11428023732",
    "length_m": 39,
    "elevation_m": 879.0,
    "is_low_point": false,
    "drain_distance_m": 226,
    "drain_capacity_mm_hr": 22,
    "history_score": 0.78,
    "water_distance_m": 58
   }
  },
  {
   "type": "Feature",
   "geometry": {
    "type": "LineString",
    "coordinates": [
     [
      77.65942,
      12.92893
     ],
     [
      77.659418,
      12.92899
     ],
     [
      77.659612,
      12.929132
     ],
     [
      77.65965,
      12.929149
     ],
     [
      77.659783,
      12.92921
     ]
    ]
   },
   "properties": {
    "segment_id": "R-466",
    "name": "Unnamed road",
    "kind": "lakeside",
    "highway": "residential",
    "oneway": false,
    "from_node": "7262783257",
    "to_node": "11395509162",
    "length_m": 53,
    "elevation_m": 879.0,
    "is_low_point": false,
    "drain_distance_m": 273,
    "drain_capacity_mm_hr": 25,
    "history_score": 0.71,
    "water_distance_m": 54
   }
  },
  {
   "type": "Feature",
   "geometry": {
    "type": "LineString",
    "coordinates": [
     [
      77.662562,
      12.927846
     ],
     [
      77.66319,
      12.928434
     ]
    ]
   },
   "properties": {
    "segment_id": "R-467",
    "name": "Unnamed road",
    "kind": "lakeside",
    "highway": "unclassified",
    "oneway": false,
    "from_node": "7263153520",
    "to_node": "7263153521",
    "length_m": 94,
    "elevation_m": 876.0,
    "is_low_point": false,
    "drain_distance_m": 229,
    "drain_capacity_mm_hr": 23,
    "history_score": 0.73,
    "water_distance_m": 54
   }
  },
  {
   "type": "Feature",
   "geometry": {
    "type": "LineString",
    "coordinates": [
     [
      77.66319,
      12.928434
     ],
     [
      77.662679,
      12.928869
     ],
     [
      77.662618,
      12.928908
     ],
     [
      77.662149,
      12.929139
     ],
     [
      77.661965,
      12.929186
     ],
     [
      77.661142,
      12.929369
     ],
     [
      77.661065,
      12.929377
     ],
     [
      77.660835,
      12.929488
     ]
    ]
   },
   "properties": {
    "segment_id": "R-468",
    "name": "Unnamed road",
    "kind": "lakeside",
    "highway": "unclassified",
    "oneway": false,
    "from_node": "7263153521",
    "to_node": "7265834830",
    "length_m": 287,
    "elevation_m": 875.5,
    "is_low_point": false,
    "drain_distance_m": 242,
    "drain_capacity_mm_hr": 22,
    "history_score": 0.85,
    "water_distance_m": 28
   }
  },
  {
   "type": "Feature",
   "geometry": {
    "type": "LineString",
    "coordinates": [
     [
      77.666527,
      12.928939
     ],
     [
      77.666538,
      12.929014
     ]
    ]
   },
   "properties": {
    "segment_id": "R-469",
    "name": "Unnamed road",
    "kind": "lakeside",
    "highway": "residential",
    "oneway": false,
    "from_node": "7263316311",
    "to_node": "13347226823",
    "length_m": 8,
    "elevation_m": 887.5,
    "is_low_point": false,
    "drain_distance_m": 211,
    "drain_capacity_mm_hr": 25,
    "history_score": 0.6,
    "water_distance_m": 92
   }
  },
  {
   "type": "Feature",
   "geometry": {
    "type": "LineString",
    "coordinates": [
     [
      77.647572,
      12.920828
     ],
     [
      77.64809,
      12.920785
     ]
    ]
   },
   "properties": {
    "segment_id": "R-470",
    "name": "Unnamed road",
    "kind": "residential",
    "highway": "residential",
    "oneway": false,
    "from_node": "7429952405",
    "to_node": "7429952406",
    "length_m": 56,
    "elevation_m": 892.5,
    "is_low_point": false,
    "drain_distance_m": 92,
    "drain_capacity_mm_hr": 31,
    "history_score": 0.34,
    "water_distance_m": 353
   }
  },
  {
   "type": "Feature",
   "geometry": {
    "type": "LineString",
    "coordinates": [
     [
      77.649973,
      12.922131
     ],
     [
      77.650182,
      12.922105
     ]
    ]
   },
   "properties": {
    "segment_id": "R-471",
    "name": "Unnamed road",
    "kind": "lakeside",
    "highway": "residential",
    "oneway": false,
    "from_node": "7432244862",
    "to_node": "7432244864",
    "length_m": 23,
    "elevation_m": 884.0,
    "is_low_point": false,
    "drain_distance_m": 214,
    "drain_capacity_mm_hr": 23,
    "history_score": 0.56,
    "water_distance_m": 145
   }
  },
  {
   "type": "Feature",
   "geometry": {
    "type": "LineString",
    "coordinates": [
     [
      77.650591,
      12.922046
     ],
     [
      77.650609,
      12.921832
     ]
    ]
   },
   "properties": {
    "segment_id": "R-472",
    "name": "24th Main Road",
    "kind": "lakeside",
    "highway": "residential",
    "oneway": false,
    "from_node": "7432244863",
    "to_node": "7432244865",
    "length_m": 24,
    "elevation_m": 886.0,
    "is_low_point": false,
    "drain_distance_m": 224,
    "drain_capacity_mm_hr": 26,
    "history_score": 0.53,
    "water_distance_m": 115
   }
  },
  {
   "type": "Feature",
   "geometry": {
    "type": "LineString",
    "coordinates": [
     [
      77.650591,
      12.922046
     ],
     [
      77.650182,
      12.922105
     ]
    ]
   },
   "properties": {
    "segment_id": "R-473",
    "name": "Unnamed road",
    "kind": "lakeside",
    "highway": "residential",
    "oneway": false,
    "from_node": "7432244863",
    "to_node": "7432244864",
    "length_m": 45,
    "elevation_m": 885.0,
    "is_low_point": false,
    "drain_distance_m": 209,
    "drain_capacity_mm_hr": 26,
    "history_score": 0.66,
    "water_distance_m": 120
   }
  },
  {
   "type": "Feature",
   "geometry": {
    "type": "LineString",
    "coordinates": [
     [
      77.650182,
      12.922105
     ],
     [
      77.650154,
      12.921904
     ]
    ]
   },
   "properties": {
    "segment_id": "R-474",
    "name": "Unnamed road",
    "kind": "lakeside",
    "highway": "residential",
    "oneway": false,
    "from_node": "7432244864",
    "to_node": "7432244866",
    "length_m": 23,
    "elevation_m": 884.5,
    "is_low_point": false,
    "drain_distance_m": 253,
    "drain_capacity_mm_hr": 22,
    "history_score": 0.57,
    "water_distance_m": 144
   }
  },
  {
   "type": "Feature",
   "geometry": {
    "type": "LineString",
    "coordinates": [
     [
      77.650182,
      12.922105
     ],
     [
      77.650206,
      12.922184
     ],
     [
      77.650292,
      12.922474
     ]
    ]
   },
   "properties": {
    "segment_id": "R-475",
    "name": "Unnamed road",
    "kind": "lakeside",
    "highway": "residential",
    "oneway": false,
    "from_node": "7432244864",
    "to_node": "11431805314",
    "length_m": 43,
    "elevation_m": 883.5,
    "is_low_point": false,
    "drain_distance_m": 255,
    "drain_capacity_mm_hr": 28,
    "history_score": 0.57,
    "water_distance_m": 121
   }
  },
  {
   "type": "Feature",
   "geometry": {
    "type": "LineString",
    "coordinates": [
     [
      77.650609,
      12.921832
     ],
     [
      77.650631,
      12.921567
     ]
    ]
   },
   "properties": {
    "segment_id": "R-476",
    "name": "24th Main Road",
    "kind": "lakeside",
    "highway": "residential",
    "oneway": false,
    "from_node": "7432244865",
    "to_node": "7432244867",
    "length_m": 30,
    "elevation_m": 886.0,
    "is_low_point": false,
    "drain_distance_m": 264,
    "drain_capacity_mm_hr": 25,
    "history_score": 0.63,
    "water_distance_m": 136
   }
  },
  {
   "type": "Feature",
   "geometry": {
    "type": "LineString",
    "coordinates": [
     [
      77.650609,
      12.921832
     ],
     [
      77.650154,
      12.921904
     ]
    ]
   },
   "properties": {
    "segment_id": "R-477",
    "name": "Unnamed road",
    "kind": "lakeside",
    "highway": "residential",
    "oneway": false,
    "from_node": "7432244865",
    "to_node": "7432244866",
    "length_m": 50,
    "elevation_m": 885.5,
    "is_low_point": false,
    "drain_distance_m": 202,
    "drain_capacity_mm_hr": 24,
    "history_score": 0.6,
    "water_distance_m": 136
   }
  },
  {
   "type": "Feature",
   "geometry": {
    "type": "LineString",
    "coordinates": [
     [
      77.650154,
      12.921904
     ],
     [
      77.650139,
      12.92185
     ]
    ]
   },
   "properties": {
    "segment_id": "R-478",
    "name": "Unnamed road",
    "kind": "residential",
    "highway": "residential",
    "oneway": false,
    "from_node": "7432244866",
    "to_node": "10211111398",
    "length_m": 6,
    "elevation_m": 885.5,
    "is_low_point": false,
    "drain_distance_m": 171,
    "drain_capacity_mm_hr": 28,
    "history_score": 0.57,
    "water_distance_m": 154
   }
  },
  {
   "type": "Feature",
   "geometry": {
    "type": "LineString",
    "coordinates": [
     [
      77.648538,
      12.921077
     ],
     [
      77.648551,
      12.921994
     ]
    ]
   },
   "properties": {
    "segment_id": "R-479",
    "name": "Unnamed road",
    "kind": "residential",
    "highway": "residential",
    "oneway": false,
    "from_node": "7432244868",
    "to_node": "7432244869",
    "length_m": 102,
    "elevation_m": 890.0,
    "is_low_point": false,
    "drain_distance_m": 171,
    "drain_capacity_mm_hr": 33,
    "history_score": 0.36,
    "water_distance_m": 323
   }
  },
  {
   "type": "Feature",
   "geometry": {
    "type": "LineString",
    "coordinates": [
     [
      77.647669,
      12.919906
     ],
     [
      77.647715,
      12.920431
     ]
    ]
   },
   "properties": {
    "segment_id": "R-480",
    "name": "Unnamed road",
    "kind": "residential",
    "highway": "residential",
    "oneway": false,
    "from_node": "7432244870",
    "to_node": "7432244871",
    "length_m": 59,
    "elevation_m": 892.0,
    "is_low_point": false,
    "drain_distance_m": 150,
    "drain_capacity_mm_hr": 25,
    "history_score": 0.39,
    "water_distance_m": 400
   }
  },
  {
   "type": "Feature",
   "geometry": {
    "type": "LineString",
    "coordinates": [
     [
      77.647359,
      12.918734
     ],
     [
      77.647425,
      12.919218
     ]
    ]
   },
   "properties": {
    "segment_id": "R-481",
    "name": "Unnamed road",
    "kind": "residential",
    "highway": "residential",
    "oneway": false,
    "from_node": "7432244872",
    "to_node": "7432244873",
    "length_m": 54,
    "elevation_m": 895.0,
    "is_low_point": false,
    "drain_distance_m": 176,
    "drain_capacity_mm_hr": 26,
    "history_score": 0.25,
    "water_distance_m": 439
   }
  },
  {
   "type": "Feature",
   "geometry": {
    "type": "LineString",
    "coordinates": [
     [
      77.653469,
      12.924086
     ],
     [
      77.653519,
      12.924587
     ]
    ]
   },
   "properties": {
    "segment_id": "R-482",
    "name": "Unnamed road",
    "kind": "residential",
    "highway": "residential",
    "oneway": false,
    "from_node": "7432261686",
    "to_node": "7432261687",
    "length_m": 56,
    "elevation_m": 884.5,
    "is_low_point": false,
    "drain_distance_m": 159,
    "drain_capacity_mm_hr": 32,
    "history_score": 0.6,
    "water_distance_m": 242
   }
  },
  {
   "type": "Feature",
   "geometry": {
    "type": "LineString",
    "coordinates": [
     [
      77.653469,
      12.924086
     ],
     [
      77.653988,
      12.923984
     ]
    ]
   },
   "properties": {
    "segment_id": "R-483",
    "name": "Unnamed road",
    "kind": "residential",
    "highway": "tertiary",
    "oneway": true,
    "from_node": "7432261686",
    "to_node": "6894631550",
    "length_m": 57,
    "elevation_m": 885.0,
    "is_low_point": false,
    "drain_distance_m": 175,
    "drain_capacity_mm_hr": 25,
    "history_score": 0.51,
    "water_distance_m": 267
   }
  },
  {
   "type": "Feature",
   "geometry": {
    "type": "LineString",
    "coordinates": [
     [
      77.66531,
      12.920644
     ],
     [
      77.665373,
      12.920626
     ],
     [
      77.665408,
      12.9206
     ],
     [
      77.665425,
      12.920587
     ],
     [
      77.665537,
      12.920514
     ]
    ]
   },
   "properties": {
    "segment_id": "R-484",
    "name": "Sarjapura Road",
    "kind": "lakeside",
    "highway": "primary",
    "oneway": true,
    "from_node": "9828511707",
    "to_node": "5774293614",
    "length_m": 29,
    "elevation_m": 883.0,
    "is_low_point": false,
    "drain_distance_m": 204,
    "drain_capacity_mm_hr": 24,
    "history_score": 0.55,
    "water_distance_m": 100
   }
  },
  {
   "type": "Feature",
   "geometry": {
    "type": "LineString",
    "coordinates": [
     [
      77.644108,
      12.918821
     ],
     [
      77.64413,
      12.918824
     ],
     [
      77.644151,
      12.918819
     ],
     [
      77.644169,
      12.918808
     ],
     [
      77.644183,
      12.918792
     ]
    ]
   },
   "properties": {
    "segment_id": "R-485",
    "name": "Unnamed road",
    "kind": "residential",
    "highway": "residential",
    "oneway": true,
    "from_node": "10094504103",
    "to_node": "5931055710",
    "length_m": 9,
    "elevation_m": 888.0,
    "is_low_point": false,
    "drain_distance_m": 193,
    "drain_capacity_mm_hr": 25,
    "history_score": 0.47,
    "water_distance_m": 212
   }
  },
  {
   "type": "Feature",
   "geometry": {
    "type": "LineString",
    "coordinates": [
     [
      77.648028,
      12.919691
     ],
     [
      77.647507,
      12.919722
     ]
    ]
   },
   "properties": {
    "segment_id": "R-486",
    "name": "Unnamed road",
    "kind": "residential",
    "highway": "residential",
    "oneway": false,
    "from_node": "10094504105",
    "to_node": "10094504106",
    "length_m": 57,
    "elevation_m": 892.0,
    "is_low_point": false,
    "drain_distance_m": 150,
    "drain_capacity_mm_hr": 36,
    "history_score": 0.27,
    "water_distance_m": 448
   }
  },
  {
   "type": "Feature",
   "geometry": {
    "type": "LineString",
    "coordinates": [
     [
      77.650315,
      12.91967
     ],
     [
      77.650362,
      12.919512
     ],
     [
      77.650532,
      12.919488
     ],
     [
      77.650624,
      12.919475
     ],
     [
      77.650848,
      12.919436
     ],
     [
      77.651141,
      12.919405
     ],
     [
      77.651559,
      12.919377
     ],
     [
      77.651642,
      12.919374
     ]
    ]
   },
   "properties": {
    "segment_id": "R-487",
    "name": "Unnamed road",
    "kind": "residential",
    "highway": "residential",
    "oneway": false,
    "from_node": "10094504108",
    "to_node": "10094504110",
    "length_m": 158,
    "elevation_m": 890.0,
    "is_low_point": false,
    "drain_distance_m": 111,
    "drain_capacity_mm_hr": 33,
    "history_score": 0.38,
    "water_distance_m": 276
   }
  },
  {
   "type": "Feature",
   "geometry": {
    "type": "LineString",
    "coordinates": [
     [
      77.644969,
      12.919097
     ],
     [
      77.644866,
      12.919101
     ],
     [
      77.644825,
      12.919104
     ],
     [
      77.644523,
      12.919125
     ],
     [
      77.644506,
      12.919123
     ],
     [
      77.644495,
      12.919113
     ],
     [
      77.64439,
      12.918805
     ],
     [
      77.644392,
      12.918788
     ],
     [
      77.644406,
      12.918779
     ],
     [
      77.644549,
      12.918774
     ],
     [
      77.644565,
      12.918776
     ],
     [
      77.644574,
      12.918787
     ],
     [
      77.644577,
      12.918891
     ],
     [
      77.644583,
      12.918905
     ],
     [
      77.644596,
      12.918908
     ],
     [
      77.644814,
      12.918902
     ],
     [
      77.644861,
      12.9189
     ],
     [
      77.644958,
      12.918895
     ]
    ]
   },
   "properties": {
    "segment_id": "R-488",
    "name": "Unnamed road",
    "kind": "residential",
    "highway": "residential",
    "oneway": false,
    "from_node": "10213564156",
    "to_node": "10213564161",
    "length_m": 164,
    "elevation_m": 891.0,
    "is_low_point": false,
    "drain_distance_m": 185,
    "drain_capacity_mm_hr": 33,
    "history_score": 0.36,
    "water_distance_m": 269
   }
  },
  {
   "type": "Feature",
   "geometry": {
    "type": "LineString",
    "coordinates": [
     [
      77.66277,
      12.922654
     ],
     [
      77.662758,
      12.92236
     ]
    ]
   },
   "properties": {
    "segment_id": "R-489",
    "name": "Unnamed road",
    "kind": "residential",
    "highway": "residential",
    "oneway": false,
    "from_node": "10994470325",
    "to_node": "11017145233",
    "length_m": 33,
    "elevation_m": 889.0,
    "is_low_point": false,
    "drain_distance_m": 130,
    "drain_capacity_mm_hr": 25,
    "history_score": 0.5,
    "water_distance_m": 298
   }
  },
  {
   "type": "Feature",
   "geometry": {
    "type": "LineString",
    "coordinates": [
     [
      77.649256,
      12.918723
     ],
     [
      77.648891,
      12.918739
     ]
    ]
   },
   "properties": {
    "segment_id": "R-490",
    "name": "Unnamed road",
    "kind": "residential",
    "highway": "residential",
    "oneway": false,
    "from_node": "11007435038",
    "to_node": "11007435039",
    "length_m": 40,
    "elevation_m": 893.0,
    "is_low_point": false,
    "drain_distance_m": 188,
    "drain_capacity_mm_hr": 33,
    "history_score": 0.26,
    "water_distance_m": 478
   }
  },
  {
   "type": "Feature",
   "geometry": {
    "type": "LineString",
    "coordinates": [
     [
      77.64623,
      12.920891
     ],
     [
      77.646305,
      12.921174
     ]
    ]
   },
   "properties": {
    "segment_id": "R-491",
    "name": "Unnamed road",
    "kind": "residential",
    "highway": "residential",
    "oneway": false,
    "from_node": "11063510864",
    "to_node": "11063510865",
    "length_m": 32,
    "elevation_m": 888.5,
    "is_low_point": false,
    "drain_distance_m": 145,
    "drain_capacity_mm_hr": 36,
    "history_score": 0.45,
    "water_distance_m": 230
   }
  },
  {
   "type": "Feature",
   "geometry": {
    "type": "LineString",
    "coordinates": [
     [
      77.663946,
      12.922731
     ],
     [
      77.663932,
      12.922708
     ]
    ]
   },
   "properties": {
    "segment_id": "R-492",
    "name": "5th Main Road",
    "kind": "residential",
    "highway": "residential",
    "oneway": false,
    "from_node": "11378886517",
    "to_node": "13140521149",
    "length_m": 3,
    "elevation_m": 887.0,
    "is_low_point": false,
    "drain_distance_m": 147,
    "drain_capacity_mm_hr": 35,
    "history_score": 0.56,
    "water_distance_m": 169
   }
  },
  {
   "type": "Feature",
   "geometry": {
    "type": "LineString",
    "coordinates": [
     [
      77.663946,
      12.922731
     ],
     [
      77.66398,
      12.92279
     ],
     [
      77.66403,
      12.922913
     ],
     [
      77.664049,
      12.922968
     ]
    ]
   },
   "properties": {
    "segment_id": "R-493",
    "name": "5th Main Road",
    "kind": "residential",
    "highway": "residential",
    "oneway": false,
    "from_node": "11378886517",
    "to_node": "13144006534",
    "length_m": 29,
    "elevation_m": 887.0,
    "is_low_point": false,
    "drain_distance_m": 99,
    "drain_capacity_mm_hr": 33,
    "history_score": 0.53,
    "water_distance_m": 163
   }
  },
  {
   "type": "Feature",
   "geometry": {
    "type": "LineString",
    "coordinates": [
     [
      77.662848,
      12.927004
     ],
     [
      77.662443,
      12.92685
     ],
     [
      77.662287,
      12.926822
     ],
     [
      77.662192,
      12.92683
     ],
     [
      77.662163,
      12.926899
     ],
     [
      77.662167,
      12.926937
     ],
     [
      77.662179,
      12.927004
     ],
     [
      77.662211,
      12.92708
     ],
     [
      77.662269,
      12.927233
     ],
     [
      77.662308,
      12.927394
     ],
     [
      77.662341,
      12.92749
     ],
     [
      77.66241,
      12.927582
     ],
     [
      77.662508,
      12.927641
     ]
    ]
   },
   "properties": {
    "segment_id": "R-494",
    "name": "Unnamed road",
    "kind": "lakeside",
    "highway": "residential",
    "oneway": false,
    "from_node": "11395492454",
    "to_node": "11395492466",
    "length_m": 177,
    "elevation_m": 877.5,
    "is_low_point": false,
    "drain_distance_m": 255,
    "drain_capacity_mm_hr": 27,
    "history_score": 0.68,
    "water_distance_m": 129
   }
  },
  {
   "type": "Feature",
   "geometry": {
    "type": "LineString",
    "coordinates": [
     [
      77.662508,
      12.927641
     ],
     [
      77.662452,
      12.927692
     ],
     [
      77.662355,
      12.92777
     ]
    ]
   },
   "properties": {
    "segment_id": "R-495",
    "name": "Unnamed road",
    "kind": "lakeside",
    "highway": "residential",
    "oneway": false,
    "from_node": "11395492466",
    "to_node": "11395492467",
    "length_m": 22,
    "elevation_m": 877.0,
    "is_low_point": false,
    "drain_distance_m": 266,
    "drain_capacity_mm_hr": 22,
    "history_score": 0.69,
    "water_distance_m": 122
   }
  },
  {
   "type": "Feature",
   "geometry": {
    "type": "LineString",
    "coordinates": [
     [
      77.66416,
      12.924112
     ],
     [
      77.66448,
      12.924219
     ]
    ]
   },
   "properties": {
    "segment_id": "R-496",
    "name": "Unnamed road",
    "kind": "residential",
    "highway": "residential",
    "oneway": false,
    "from_node": "11395496892",
    "to_node": "11395496893",
    "length_m": 37,
    "elevation_m": 880.5,
    "is_low_point": false,
    "drain_distance_m": 137,
    "drain_capacity_mm_hr": 31,
    "history_score": 0.67,
    "water_distance_m": 198
   }
  },
  {
   "type": "Feature",
   "geometry": {
    "type": "LineString",
    "coordinates": [
     [
      77.66416,
      12.924112
     ],
     [
      77.664085,
      12.924339
     ],
     [
      77.664085,
      12.924356
     ],
     [
      77.664095,
      12.924367
     ],
     [
      77.664291,
      12.924435
     ],
     [
      77.664343,
      12.924444
     ]
    ]
   },
   "properties": {
    "segment_id": "R-497",
    "name": "Unnamed road",
    "kind": "residential",
    "highway": "residential",
    "oneway": false,
    "from_node": "11395496892",
    "to_node": "12183733536",
    "length_m": 58,
    "elevation_m": 880.0,
    "is_low_point": false,
    "drain_distance_m": 95,
    "drain_capacity_mm_hr": 28,
    "history_score": 0.71,
    "water_distance_m": 212
   }
  },
  {
   "type": "Feature",
   "geometry": {
    "type": "LineString",
    "coordinates": [
     [
      77.66448,
      12.924219
     ],
     [
      77.664389,
      12.924403
     ],
     [
      77.664343,
      12.924444
     ]
    ]
   },
   "properties": {
    "segment_id": "R-498",
    "name": "Unnamed road",
    "kind": "residential",
    "highway": "residential",
    "oneway": false,
    "from_node": "11395496893",
    "to_node": "12183733536",
    "length_m": 30,
    "elevation_m": 879.5,
    "is_low_point": false,
    "drain_distance_m": 200,
    "drain_capacity_mm_hr": 28,
    "history_score": 0.61,
    "water_distance_m": 202
   }
  },
  {
   "type": "Feature",
   "geometry": {
    "type": "LineString",
    "coordinates": [
     [
      77.659783,
      12.92921
     ],
     [
      77.660292,
      12.928506
     ]
    ]
   },
   "properties": {
    "segment_id": "R-499",
    "name": "Unnamed road",
    "kind": "lakeside",
    "highway": "residential",
    "oneway": false,
    "from_node": "11395509162",
    "to_node": "13361368572",
    "length_m": 96,
    "elevation_m": 879.0,
    "is_low_point": false,
    "drain_distance_m": 295,
    "drain_capacity_mm_hr": 28,
    "history_score": 0.61,
    "water_distance_m": 86
   }
  },
  {
   "type": "Feature",
   "geometry": {
    "type": "LineString",
    "coordinates": [
     [
      77.663085,
      12.923375
     ],
     [
      77.663081,
      12.923282
     ]
    ]
   },
   "properties": {
    "segment_id": "R-500",
    "name": "Unnamed road",
    "kind": "residential",
    "highway": "residential",
    "oneway": false,
    "from_node": "11395511434",
    "to_node": "12655271583",
    "length_m": 10,
    "elevation_m": 885.0,
    "is_low_point": false,
    "drain_distance_m": 130,
    "drain_capacity_mm_hr": 32,
    "history_score": 0.58,
    "water_distance_m": 269
   }
  },
  {
   "type": "Feature",
   "geometry": {
    "type": "LineString",
    "coordinates": [
     [
      77.660349,
      12.928942
     ],
     [
      77.660407,
      12.928864
     ]
    ]
   },
   "properties": {
    "segment_id": "R-501",
    "name": "Unnamed road",
    "kind": "lakeside",
    "highway": "residential",
    "oneway": false,
    "from_node": "11428023652",
    "to_node": "11428023657",
    "length_m": 11,
    "elevation_m": 880.0,
    "is_low_point": false,
    "drain_distance_m": 295,
    "drain_capacity_mm_hr": 26,
    "history_score": 0.61,
    "water_distance_m": 90
   }
  },
  {
   "type": "Feature",
   "geometry": {
    "type": "LineString",
    "coordinates": [
     [
      77.660349,
      12.928942
     ],
     [
      77.66038,
      12.928964
     ],
     [
      77.660398,
      12.929006
     ],
     [
      77.660403,
      12.929025
     ],
     [
      77.660393,
      12.929043
     ]
    ]
   },
   "properties": {
    "segment_id": "R-502",
    "name": "Unnamed road",
    "kind": "lakeside",
    "highway": "residential",
    "oneway": false,
    "from_node": "11428023652",
    "to_node": "11428023656",
    "length_m": 14,
    "elevation_m": 879.5,
    "is_low_point": false,
    "drain_distance_m": 278,
    "drain_capacity_mm_hr": 26,
    "history_score": 0.6,
    "water_distance_m": 81
   }
  },
  {
   "type": "Feature",
   "geometry": {
    "type": "LineString",
    "coordinates": [
     [
      77.651753,
      12.924097
     ],
     [
      77.651133,
      12.924212
     ],
     [
      77.650907,
      12.92426
     ],
     [
      77.650646,
      12.924291
     ],
     [
      77.650403,
      12.924302
     ],
     [
      77.650291,
      12.924303
     ]
    ]
   },
   "properties": {
    "segment_id": "R-503",
    "name": "Unnamed road",
    "kind": "lakeside",
    "highway": "tertiary",
    "oneway": true,
    "from_node": "11533595484",
    "to_node": "2387127863",
    "length_m": 160,
    "elevation_m": 883.5,
    "is_low_point": false,
    "drain_distance_m": 278,
    "drain_capacity_mm_hr": 22,
    "history_score": 0.59,
    "water_distance_m": 28
   }
  },
  {
   "type": "Feature",
   "geometry": {
    "type": "LineString",
    "coordinates": [
     [
      77.644064,
      12.918777
     ],
     [
      77.644074,
      12.918796
     ],
     [
      77.644089,
      12.918812
     ],
     [
      77.644108,
      12.918821
     ]
    ]
   },
   "properties": {
    "segment_id": "R-504",
    "name": "Unnamed road",
    "kind": "residential",
    "highway": "residential",
    "oneway": true,
    "from_node": "11754633198",
    "to_node": "10094504103",
    "length_m": 7,
    "elevation_m": 887.5,
    "is_low_point": false,
    "drain_distance_m": 152,
    "drain_capacity_mm_hr": 29,
    "history_score": 0.5,
    "water_distance_m": 207
   }
  },
  {
   "type": "Feature",
   "geometry": {
    "type": "LineString",
    "coordinates": [
     [
      77.65179,
      12.920982
     ],
     [
      77.652772,
      12.920888
     ]
    ]
   },
   "properties": {
    "segment_id": "R-505",
    "name": "Unnamed road",
    "kind": "residential",
    "highway": "residential",
    "oneway": false,
    "from_node": "11831380332",
    "to_node": "11831380333",
    "length_m": 107,
    "elevation_m": 883.5,
    "is_low_point": false,
    "drain_distance_m": 194,
    "drain_capacity_mm_hr": 32,
    "history_score": 0.55,
    "water_distance_m": 196
   }
  },
  {
   "type": "Feature",
   "geometry": {
    "type": "LineString",
    "coordinates": [
     [
      77.662394,
      12.921281
     ],
     [
      77.66226,
      12.92132
     ],
     [
      77.662056,
      12.921373
     ],
     [
      77.661234,
      12.921571
     ],
     [
      77.661188,
      12.921582
     ],
     [
      77.660208,
      12.921817
     ],
     [
      77.659956,
      12.921899
     ],
     [
      77.657196,
      12.922894
     ],
     [
      77.656471,
      12.923144
     ],
     [
      77.655941,
      12.923311
     ],
     [
      77.655626,
      12.923412
     ],
     [
      77.655362,
      12.923474
     ],
     [
      77.65499,
      12.923546
     ],
     [
      77.654827,
      12.92358
     ],
     [
      77.654368,
      12.923668
     ],
     [
      77.654037,
      12.923718
     ],
     [
      77.653052,
      12.923903
     ],
     [
      77.651936,
      12.924127
     ],
     [
      77.650785,
      12.924337
     ],
     [
      77.650507,
      12.924365
     ],
     [
      77.650188,
      12.92437
     ],
     [
      77.649875,
      12.924356
     ],
     [
      77.648725,
      12.924279
     ],
     [
      77.648442,
      12.924238
     ],
     [
      77.648086,
      12.924169
     ],
     [
      77.64789,
      12.924097
     ],
     [
      77.647503,
      12.923954
     ],
     [
      77.647441,
      12.923927
     ],
     [
      77.647292,
      12.923873
     ]
    ]
   },
   "properties": {
    "segment_id": "R-506",
    "name": "Outer Ring Road",
    "kind": "flyover",
    "highway": "trunk",
    "oneway": true,
    "from_node": "11865827584",
    "to_node": "12073866974",
    "length_m": 1693,
    "elevation_m": 887.0,
    "is_low_point": false,
    "drain_distance_m": 36,
    "drain_capacity_mm_hr": 58,
    "history_score": 0.0,
    "water_distance_m": 355
   }
  },
  {
   "type": "Feature",
   "geometry": {
    "type": "LineString",
    "coordinates": [
     [
      77.649997,
      12.924285
     ],
     [
      77.649981,
      12.924415
     ]
    ]
   },
   "properties": {
    "segment_id": "R-507",
    "name": "Sarjapura Road",
    "kind": "lakeside",
    "highway": "primary",
    "oneway": true,
    "from_node": "11903564939",
    "to_node": "12203527486",
    "length_m": 15,
    "elevation_m": 883.0,
    "is_low_point": false,
    "drain_distance_m": 265,
    "drain_capacity_mm_hr": 24,
    "history_score": 0.57,
    "water_distance_m": 77
   }
  },
  {
   "type": "Feature",
   "geometry": {
    "type": "LineString",
    "coordinates": [
     [
      77.649997,
      12.924285
     ],
     [
      77.649231,
      12.924237
     ]
    ]
   },
   "properties": {
    "segment_id": "R-508",
    "name": "Unnamed road",
    "kind": "lakeside",
    "highway": "tertiary",
    "oneway": true,
    "from_node": "11903564939",
    "to_node": "6462301370",
    "length_m": 83,
    "elevation_m": 881.0,
    "is_low_point": false,
    "drain_distance_m": 274,
    "drain_capacity_mm_hr": 23,
    "history_score": 0.66,
    "water_distance_m": 85
   }
  },
  {
   "type": "Feature",
   "geometry": {
    "type": "LineString",
    "coordinates": [
     [
      77.654258,
      12.923751
     ],
     [
      77.654392,
      12.923795
     ]
    ]
   },
   "properties": {
    "segment_id": "R-509",
    "name": "Unnamed road",
    "kind": "arterial",
    "highway": "trunk_link",
    "oneway": true,
    "from_node": "12060861592",
    "to_node": "1645178612",
    "length_m": 15,
    "elevation_m": 887.0,
    "is_low_point": false,
    "drain_distance_m": 109,
    "drain_capacity_mm_hr": 42,
    "history_score": 0.41,
    "water_distance_m": 331
   }
  },
  {
   "type": "Feature",
   "geometry": {
    "type": "LineString",
    "coordinates": [
     [
      77.654258,
      12.923751
     ],
     [
      77.653113,
      12.923977
     ],
     [
      77.651806,
      12.924252
     ]
    ]
   },
   "properties": {
    "segment_id": "R-510",
    "name": "Sarjapur Road",
    "kind": "arterial",
    "highway": "primary",
    "oneway": false,
    "from_node": "12060861592",
    "to_node": "12698220783",
    "length_m": 271,
    "elevation_m": 885.0,
    "is_low_point": false,
    "drain_distance_m": 101,
    "drain_capacity_mm_hr": 41,
    "history_score": 0.64,
    "water_distance_m": 191
   }
  },
  {
   "type": "Feature",
   "geometry": {
    "type": "LineString",
    "coordinates": [
     [
      77.647292,
      12.923873
     ],
     [
      77.647072,
      12.923769
     ],
     [
      77.646867,
      12.92365
     ],
     [
      77.646616,
      12.923487
     ],
     [
      77.646427,
      12.923333
     ],
     [
      77.645058,
      12.922103
     ],
     [
      77.644977,
      12.922026
     ]
    ]
   },
   "properties": {
    "segment_id": "R-511",
    "name": "Outer Ring Road",
    "kind": "lakeside",
    "highway": "trunk",
    "oneway": true,
    "from_node": "12073866974",
    "to_node": "650141020",
    "length_m": 326,
    "elevation_m": 879.5,
    "is_low_point": false,
    "drain_distance_m": 292,
    "drain_capacity_mm_hr": 24,
    "history_score": 0.7,
    "water_distance_m": 54
   }
  },
  {
   "type": "Feature",
   "geometry": {
    "type": "LineString",
    "coordinates": [
     [
      77.666858,
      12.919837
     ],
     [
      77.666795,
      12.919868
     ]
    ]
   },
   "properties": {
    "segment_id": "R-512",
    "name": "Sarjapura Road",
    "kind": "lakeside",
    "highway": "primary",
    "oneway": true,
    "from_node": "12183845709",
    "to_node": "12183845711",
    "length_m": 8,
    "elevation_m": 887.0,
    "is_low_point": false,
    "drain_distance_m": 285,
    "drain_capacity_mm_hr": 23,
    "history_score": 0.53,
    "water_distance_m": 67
   }
  },
  {
   "type": "Feature",
   "geometry": {
    "type": "LineString",
    "coordinates": [
     [
      77.666858,
      12.919837
     ],
     [
      77.66681,
      12.919756
     ],
     [
      77.666751,
      12.919724
     ]
    ]
   },
   "properties": {
    "segment_id": "R-513",
    "name": "Unnamed road",
    "kind": "lakeside",
    "highway": "residential",
    "oneway": true,
    "from_node": "12183845709",
    "to_node": "5778503766",
    "length_m": 18,
    "elevation_m": 888.0,
    "is_low_point": false,
    "drain_distance_m": 245,
    "drain_capacity_mm_hr": 27,
    "history_score": 0.43,
    "water_distance_m": 67
   }
  },
  {
   "type": "Feature",
   "geometry": {
    "type": "LineString",
    "coordinates": [
     [
      77.666795,
      12.919868
     ],
     [
      77.666779,
      12.919876
     ],
     [
      77.666574,
      12.919976
     ],
     [
      77.666459,
      12.920027
     ],
     [
      77.666417,
      12.920046
     ],
     [
      77.666392,
      12.920057
     ],
     [
      77.666067,
      12.920193
     ],
     [
      77.665756,
      12.920298
     ],
     [
      77.665705,
      12.920313
     ]
    ]
   },
   "properties": {
    "segment_id": "R-514",
    "name": "Sarjapura Road",
    "kind": "lakeside",
    "highway": "primary",
    "oneway": true,
    "from_node": "12183845711",
    "to_node": "13333375729",
    "length_m": 128,
    "elevation_m": 885.0,
    "is_low_point": false,
    "drain_distance_m": 285,
    "drain_capacity_mm_hr": 26,
    "history_score": 0.56,
    "water_distance_m": 0
   }
  },
  {
   "type": "Feature",
   "geometry": {
    "type": "LineString",
    "coordinates": [
     [
      77.643172,
      12.923895
     ],
     [
      77.643192,
      12.923828
     ]
    ]
   },
   "properties": {
    "segment_id": "R-515",
    "name": "Unnamed road",
    "kind": "lakeside",
    "highway": "primary_link",
    "oneway": false,
    "from_node": "12186005568",
    "to_node": "12186005569",
    "length_m": 8,
    "elevation_m": 878.0,
    "is_low_point": false,
    "drain_distance_m": 206,
    "drain_capacity_mm_hr": 24,
    "history_score": 0.75,
    "water_distance_m": 34
   }
  },
  {
   "type": "Feature",
   "geometry": {
    "type": "LineString",
    "coordinates": [
     [
      77.643172,
      12.923895
     ],
     [
      77.643513,
      12.923986
     ],
     [
      77.644183,
      12.924195
     ],
     [
      77.645005,
      12.924467
     ],
     [
      77.645158,
      12.924491
     ],
     [
      77.645242,
      12.924499
     ],
     [
      77.645317,
      12.924507
     ],
     [
      77.646618,
      12.924551
     ],
     [
      77.647386,
      12.924607
     ],
     [
      77.649087,
      12.924727
     ],
     [
      77.6492,
      12.924726
     ],
     [
      77.649285,
      12.924725
     ],
     [
      77.649311,
      12.924722
     ],
     [
      77.649532,
      12.924694
     ],
     [
      77.649906,
      12.924648
     ]
    ]
   },
   "properties": {
    "segment_id": "R-516",
    "name": "Sarjapur Road",
    "kind": "lakeside",
    "highway": "primary",
    "oneway": true,
    "from_node": "12186005568",
    "to_node": "2387385680",
    "length_m": 741,
    "elevation_m": 879.5,
    "is_low_point": false,
    "drain_distance_m": 285,
    "drain_capacity_mm_hr": 27,
    "history_score": 0.72,
    "water_distance_m": 131
   }
  },
  {
   "type": "Feature",
   "geometry": {
    "type": "LineString",
    "coordinates": [
     [
      77.649981,
      12.924415
     ],
     [
      77.649974,
      12.92447
     ]
    ]
   },
   "properties": {
    "segment_id": "R-517",
    "name": "Sarjapura Road",
    "kind": "lakeside",
    "highway": "primary",
    "oneway": true,
    "from_node": "12203527486",
    "to_node": "6463569335",
    "length_m": 6,
    "elevation_m": 883.0,
    "is_low_point": false,
    "drain_distance_m": 264,
    "drain_capacity_mm_hr": 28,
    "history_score": 0.68,
    "water_distance_m": 67
   }
  },
  {
   "type": "Feature",
   "geometry": {
    "type": "LineString",
    "coordinates": [
     [
      77.662735,
      12.923271
     ],
     [
      77.663081,
      12.923282
     ]
    ]
   },
   "properties": {
    "segment_id": "R-518",
    "name": "Unnamed road",
    "kind": "residential",
    "highway": "residential",
    "oneway": false,
    "from_node": "12655271582",
    "to_node": "12655271583",
    "length_m": 38,
    "elevation_m": 886.0,
    "is_low_point": false,
    "drain_distance_m": 103,
    "drain_capacity_mm_hr": 30,
    "history_score": 0.43,
    "water_distance_m": 287
   }
  },
  {
   "type": "Feature",
   "geometry": {
    "type": "LineString",
    "coordinates": [
     [
      77.651806,
      12.924252
     ],
     [
      77.651778,
      12.924238
     ]
    ]
   },
   "properties": {
    "segment_id": "R-519",
    "name": "Unnamed road",
    "kind": "lakeside",
    "highway": "primary",
    "oneway": true,
    "from_node": "12698220783",
    "to_node": "650140477",
    "length_m": 3,
    "elevation_m": 883.0,
    "is_low_point": false,
    "drain_distance_m": 279,
    "drain_capacity_mm_hr": 23,
    "history_score": 0.53,
    "water_distance_m": 58
   }
  },
  {
   "type": "Feature",
   "geometry": {
    "type": "LineString",
    "coordinates": [
     [
      77.664197,
      12.922648
     ],
     [
      77.664002,
      12.92268
     ],
     [
      77.663932,
      12.922708
     ]
    ]
   },
   "properties": {
    "segment_id": "R-520",
    "name": "Unnamed road",
    "kind": "residential",
    "highway": "residential",
    "oneway": false,
    "from_node": "13140521147",
    "to_node": "13140521149",
    "length_m": 30,
    "elevation_m": 886.5,
    "is_low_point": false,
    "drain_distance_m": 131,
    "drain_capacity_mm_hr": 31,
    "history_score": 0.58,
    "water_distance_m": 156
   }
  },
  {
   "type": "Feature",
   "geometry": {
    "type": "LineString",
    "coordinates": [
     [
      77.664766,
      12.918102
     ],
     [
      77.66462,
      12.918331
     ],
     [
      77.664623,
      12.918354
     ],
     [
      77.664655,
      12.918371
     ]
    ]
   },
   "properties": {
    "segment_id": "R-521",
    "name": "Unnamed road",
    "kind": "lakeside",
    "highway": "residential",
    "oneway": false,
    "from_node": "13140521459",
    "to_node": "13140521464",
    "length_m": 36,
    "elevation_m": 884.5,
    "is_low_point": false,
    "drain_distance_m": 261,
    "drain_capacity_mm_hr": 25,
    "history_score": 0.52,
    "water_distance_m": 23
   }
  },
  {
   "type": "Feature",
   "geometry": {
    "type": "LineString",
    "coordinates": [
     [
      77.664694,
      12.918712
     ],
     [
      77.664743,
      12.918903
     ],
     [
      77.664794,
      12.918951
     ]
    ]
   },
   "properties": {
    "segment_id": "R-522",
    "name": "Unnamed road",
    "kind": "lakeside",
    "highway": "residential",
    "oneway": false,
    "from_node": "13140521461",
    "to_node": "13140521463",
    "length_m": 30,
    "elevation_m": 884.0,
    "is_low_point": false,
    "drain_distance_m": 300,
    "drain_capacity_mm_hr": 24,
    "history_score": 0.64,
    "water_distance_m": 89
   }
  },
  {
   "type": "Feature",
   "geometry": {
    "type": "LineString",
    "coordinates": [
     [
      77.664794,
      12.918951
     ],
     [
      77.664655,
      12.918371
     ]
    ]
   },
   "properties": {
    "segment_id": "R-523",
    "name": "Unnamed road",
    "kind": "lakeside",
    "highway": "residential",
    "oneway": false,
    "from_node": "13140521463",
    "to_node": "13140521464",
    "length_m": 66,
    "elevation_m": 884.0,
    "is_low_point": false,
    "drain_distance_m": 277,
    "drain_capacity_mm_hr": 25,
    "history_score": 0.66,
    "water_distance_m": 70
   }
  },
  {
   "type": "Feature",
   "geometry": {
    "type": "LineString",
    "coordinates": [
     [
      77.664655,
      12.918371
     ],
     [
      77.664663,
      12.918343
     ],
     [
      77.664842,
      12.918057
     ],
     [
      77.664896,
      12.918012
     ],
     [
      77.665423,
      12.917889
     ]
    ]
   },
   "properties": {
    "segment_id": "R-524",
    "name": "Unnamed road",
    "kind": "lakeside",
    "highway": "residential",
    "oneway": false,
    "from_node": "13140521464",
    "to_node": "13140521468",
    "length_m": 107,
    "elevation_m": 885.5,
    "is_low_point": false,
    "drain_distance_m": 297,
    "drain_capacity_mm_hr": 22,
    "history_score": 0.6,
    "water_distance_m": 36
   }
  },
  {
   "type": "Feature",
   "geometry": {
    "type": "LineString",
    "coordinates": [
     [
      77.66554,
      12.921204
     ],
     [
      77.665448,
      12.92119
     ],
     [
      77.665419,
      12.921187
     ],
     [
      77.66535,
      12.921185
     ]
    ]
   },
   "properties": {
    "segment_id": "R-525",
    "name": "Unnamed road",
    "kind": "lakeside",
    "highway": "residential",
    "oneway": false,
    "from_node": "13144186366",
    "to_node": "14017258220",
    "length_m": 21,
    "elevation_m": 889.0,
    "is_low_point": false,
    "drain_distance_m": 268,
    "drain_capacity_mm_hr": 25,
    "history_score": 0.46,
    "water_distance_m": 85
   }
  },
  {
   "type": "Feature",
   "geometry": {
    "type": "LineString",
    "coordinates": [
     [
      77.665705,
      12.920313
     ],
     [
      77.665662,
      12.920325
     ]
    ]
   },
   "properties": {
    "segment_id": "R-526",
    "name": "Sarjapura Road",
    "kind": "lakeside",
    "highway": "primary",
    "oneway": true,
    "from_node": "13333375729",
    "to_node": "5774292415",
    "length_m": 5,
    "elevation_m": 883.0,
    "is_low_point": false,
    "drain_distance_m": 278,
    "drain_capacity_mm_hr": 27,
    "history_score": 0.65,
    "water_distance_m": 66
   }
  },
  {
   "type": "Feature",
   "geometry": {
    "type": "LineString",
    "coordinates": [
     [
      77.665705,
      12.920313
     ],
     [
      77.665674,
      12.920174
     ],
     [
      77.665511,
      12.91945
     ],
     [
      77.66547,
      12.919419
     ]
    ]
   },
   "properties": {
    "segment_id": "R-527",
    "name": "Unnamed road",
    "kind": "lakeside",
    "highway": "residential",
    "oneway": true,
    "from_node": "13333375729",
    "to_node": "6560482769",
    "length_m": 104,
    "elevation_m": 882.5,
    "is_low_point": false,
    "drain_distance_m": 297,
    "drain_capacity_mm_hr": 23,
    "history_score": 0.62,
    "water_distance_m": 63
   }
  },
  {
   "type": "Feature",
   "geometry": {
    "type": "LineString",
    "coordinates": [
     [
      77.665466,
      12.919402
     ],
     [
      77.665496,
      12.919382
     ],
     [
      77.665551,
      12.919346
     ],
     [
      77.665576,
      12.919322
     ],
     [
      77.665585,
      12.919295
     ],
     [
      77.665576,
      12.919198
     ]
    ]
   },
   "properties": {
    "segment_id": "R-528",
    "name": "Unnamed road",
    "kind": "lakeside",
    "highway": "residential",
    "oneway": false,
    "from_node": "13333548793",
    "to_node": "13333548798",
    "length_m": 29,
    "elevation_m": 882.0,
    "is_low_point": false,
    "drain_distance_m": 206,
    "drain_capacity_mm_hr": 27,
    "history_score": 0.57,
    "water_distance_m": 55
   }
  },
  {
   "type": "Feature",
   "geometry": {
    "type": "LineString",
    "coordinates": [
     [
      77.665989,
      12.929098
     ],
     [
      77.666538,
      12.929014
     ]
    ]
   },
   "properties": {
    "segment_id": "R-529",
    "name": "Unnamed road",
    "kind": "lakeside",
    "highway": "residential",
    "oneway": false,
    "from_node": "13347226822",
    "to_node": "13347226823",
    "length_m": 60,
    "elevation_m": 885.0,
    "is_low_point": true,
    "drain_distance_m": 216,
    "drain_capacity_mm_hr": 23,
    "history_score": 0.79,
    "water_distance_m": 62
   }
  },
  {
   "type": "Feature",
   "geometry": {
    "type": "LineString",
    "coordinates": [
     [
      77.661199,
      12.92151
     ],
     [
      77.661247,
      12.921701
     ]
    ]
   },
   "properties": {
    "segment_id": "R-530",
    "name": "Unnamed road",
    "kind": "arterial",
    "highway": "trunk_link",
    "oneway": false,
    "from_node": "14185013474",
    "to_node": "14185013475",
    "length_m": 22,
    "elevation_m": 894.5,
    "is_low_point": false,
    "drain_distance_m": 94,
    "drain_capacity_mm_hr": 45,
    "history_score": 0.34,
    "water_distance_m": 480
   }
  },
  {
   "type": "Feature",
   "geometry": {
    "type": "LineString",
    "coordinates": [
     [
      77.661199,
      12.92151
     ],
     [
      77.659918,
      12.921837
     ],
     [
      77.657494,
      12.922701
     ],
     [
      77.656734,
      12.922972
     ],
     [
      77.656317,
      12.9231
     ],
     [
      77.655338,
      12.923401
     ],
     [
      77.65406,
      12.92364
     ],
     [
      77.653013,
      12.923848
     ],
     [
      77.65186,
      12.924076
     ],
     [
      77.651753,
      12.924097
     ]
    ]
   },
   "properties": {
    "segment_id": "R-531",
    "name": "Unnamed road",
    "kind": "residential",
    "highway": "tertiary",
    "oneway": true,
    "from_node": "14185013474",
    "to_node": "11533595484",
    "length_m": 1066,
    "elevation_m": 888.5,
    "is_low_point": false,
    "drain_distance_m": 183,
    "drain_capacity_mm_hr": 35,
    "history_score": 0.33,
    "water_distance_m": 475
   }
  },
  {
   "type": "Feature",
   "geometry": {
    "type": "LineString",
    "coordinates": [
     [
      77.661247,
      12.921701
     ],
     [
      77.662273,
      12.921443
     ],
     [
      77.662906,
      12.921278
     ]
    ]
   },
   "properties": {
    "segment_id": "R-532",
    "name": "Outer Ring Road",
    "kind": "arterial",
    "highway": "trunk",
    "oneway": true,
    "from_node": "14185013475",
    "to_node": "1083500529",
    "length_m": 186,
    "elevation_m": 892.5,
    "is_low_point": false,
    "drain_distance_m": 109,
    "drain_capacity_mm_hr": 44,
    "history_score": 0.24,
    "water_distance_m": 395
   }
  }
 ]
}